Genus	Median Genome Length (KB)	Min Genome Length (KB)	Max Genome Length (KB)	Median molGC (%)	Min molGC (%)	Max molGC (%)	Sample Size
Ceskevirus	44.0	44	44	58.0	58	58	1
Maltophvirus	43.0	43	43	58.0	58	58	1
Pazvirus	43.5	43	44	60.0	60	60	2
Ponderosavirus	43.0	43	43	60.0	60	60	5
Pradovirus	44.0	43	45	62.0	58	63	16
Smasvirus	44.0	43	44	60.0	60	60	5
Aghbyvirus	41.0	41	41	54.0	54	54	1
Ahphunavirus	42.0	42	43	59.0	59	59	8
Atoyacvirus	42.0	42	42	59.0	59	59	2
Cronosvirus	42.0	42	42	55.5	54	56	6
Cullenvirus	43.0	43	43	56.0	56	56	3
Daeravirus	42.0	42	42	53.0	53	53	1
Jimeivirus	42.0	42	42	55.0	55	55	1
Panjvirus	42.0	42	42	39.0	39	39	1
Pienvirus	42.0	42	42	52.0	52	52	1
Pokrovskaiavirus	42.5	42	43	48.0	48	48	2
Wanjuvirus	42.0	42	42	51.5	51	52	2
Higashivirus	41.0	41	43	63.0	62	63	3
Hongshanvirus	44.0	44	44	62.0	62	62	1
Aerosvirus	42.0	31	43	57.0	55	57	3
Ampunavirus	42.5	42	43	61.5	61	62	2
Anchaingvirus	44.0	44	44	63.0	63	63	1
Aqualcavirus	41.0	41	41	58.0	58	58	1
Bifseptvirus	40.0	40	41	58.0	58	58	4
Conareevirus	42.0	42	42	61.0	61	62	3
Cotavirus	42.0	42	42	59.0	59	59	1
Dcimvirus	44.0	44	44	61.0	61	61	1
Ermolevavirus	43.0	43	43	52.0	52	52	2
Euvesivirus	43.0	43	43	59.0	59	59	1
Jeruvirus	41.0	41	41	59.0	59	59	1
Kalppathivirus	41.0	41	41	54.0	54	54	1
Lullwatervirus	45.0	45	45	55.0	55	55	2
Mguuvirus	42.0	42	42	61.0	61	61	1
Napahaivirus	41.0	41	41	58.0	58	58	1
Pakuvirus	43.0	43	43	62.0	62	62	1
Paternavirus	43.0	43	43	59.0	59	59	1
Percyvirus	45.0	44	45	61.5	60	62	4
Pollyceevirus	41.5	41	42	58.5	58	59	2
Risjevirus	44.0	44	44	61.0	61	61	2
Scottvirus	43.0	43	43	57.0	57	57	1
Sukuvirus	42.0	42	42	63.0	63	63	1
Aristophanesvirus	44.0	44	44	43.0	43	43	1
Daemvirus	43.0	43	43	41.0	41	41	1
Friunavirus	41.0	40	47	39.0	39	39	65
Pettyvirus	41.0	41	41	42.0	42	42	1
Actinidiaevirus	45.0	45	45	56.0	56	56	1
Kantovirus	45.0	45	45	60.0	60	60	1
Kotilavirus	44.0	42	45	51.0	51	52	5
Phimunavirus	44.0	43	46	49.0	49	49	12
Stompvirus	44.0	44	44	52.0	52	52	1
Kirikabuvirus	43.0	43	43	58.0	58	58	1
Mojovirus	41.0	41	41	58.0	58	58	1
Phikmvvirus	43.0	41	44	62.0	62	63	29
Torinorumvirus	42.0	42	42	57.0	57	57	1
Bucovirus	44.0	44	44	54.0	54	54	1
Cepavirus	43.0	43	43	47.0	47	47	1
Drulisvirus	44.0	39	49	54.0	39	55	98
Unclassified	46.0	33	300	46.0	25	70	218
Kakivirus	42.0	41	43	43.0	43	43	2
Koutsourovirus	44.0	43	45	52.0	52	52	4
Limelightvirus	45.0	45	45	54.0	54	54	1
Micantvirus	43.0	43	43	54.0	54	54	2
Novosibovirus	42.0	41	43	41.0	41	42	5
Zoomievirus	43.0	43	43	54.0	54	54	1
Bonnellvirus	42.0	41	43	55.0	55	56	9
Waewaevirus	43.0	43	43	55.0	55	55	1
Axyvirus	43.0	43	44	64.0	64	65	3
Ayakvirus	45.0	45	45	61.0	61	61	1
Bertilvirus	41.0	41	41	58.0	58	58	1
Bolekvirus	42.5	42	43	53.0	53	53	2
Catalonvirus	42.0	42	42	45.0	45	45	1
Jiaoyazivirus	45.0	45	45	61.0	61	61	1
Linggongvirus	42.0	42	42	44.0	44	44	1
Maculvirus	43.0	36	44	49.0	49	50	17
Natansvirus	42.0	42	42	62.0	62	62	1
Savitribaivirus	41.0	41	41	49.0	49	49	1
Stubburvirus	42.0	42	42	61.0	61	61	1
Trelivelvirus	43.0	43	43	62.0	62	62	1
Tunggulvirus	43.0	43	43	59.0	59	59	2
Daolivirus	45.0	45	45	50.0	50	50	1
Gutovirus	45.0	45	45	44.0	44	44	1
Kaohsiungvirus	44.0	43	47	43.5	43	44	6
Murciavirus	44.0	44	44	43.0	43	43	1
Nerthusvirus	46.5	46	47	57.5	57	59	4
Njordvirus	47.0	47	47	57.0	57	57	1
Roscoffvirus	45.0	45	45	45.0	45	45	1
Trungvirus	45.0	45	45	44.0	44	44	1
Uliginvirus	48.0	48	48	56.0	56	56	1
Acadevirus	44.5	43	45	39.0	39	40	6
Axomammavirus	44.0	44	44	50.0	50	50	1
Eracentumvirus	45.0	45	46	50.0	50	50	3
Gansuvirus	46.0	44	46	52.0	52	52	13
Guangxivirus	45.0	45	45	48.0	48	48	1
Rodentiumvirus	44.5	44	45	45.0	45	46	6
Tuodvirus	44.0	44	44	51.0	51	51	1
Ulipvirus	44.0	43	45	50.0	50	51	5
Vectrevirus	45.0	38	46	45.0	45	45	18
Zindervirus	44.0	43	44	48.0	47	48	5
Aarhusvirus	40.5	40	41	48.0	48	48	4
Apdecimavirus	39.5	39	40	51.0	50	52	2
Armandvirus	41.0	40	41	52.0	51	52	4
Bamvirus	40.0	40	40	47.0	47	47	1
Benllochvirus	40.5	40	41	53.0	53	53	4
Berlinvirus	40.0	39	41	49.0	47	50	30
Cankvirus	41.0	41	41	58.0	58	58	1
Caroctavirus	40.0	40	40	50.0	50	50	1
Chatterjeevirus	39.0	38	40	43.0	43	43	3
Coryciavirus	41.0	41	41	56.0	56	56	1
Eapunavirus	39.0	39	39	52.0	52	52	1
Ebriosvirus	39.5	39	40	53.5	53	54	2
Elunavirus	39.0	39	40	52.0	52	52	3
Foetvirus	40.0	40	40	50.5	50	51	2
Ghunavirus	40.0	37	41	57.0	57	58	12
Gundecimvirus	41.0	41	41	54.0	54	54	1
Helsettvirus	39.5	38	40	46.0	46	46	4
Hennigervirus	41.0	39	41	57.0	56	58	5
Jarilovirus	41.0	41	41	50.0	50	50	1
Jelgvirus	41.0	41	41	53.0	53	53	1
Kayfunavirus	39.0	37	41	50.0	50	53	71
Maklayavirus	40.0	40	40	50.0	50	50	1
Minipunavirus	39.0	38	40	47.0	47	47	3
Ningirsuvirus	40.0	39	40	51.0	51	51	7
Pektosvirus	40.5	40	41	49.0	49	49	2
Pfluvirus	41.0	41	41	56.0	56	56	2
Phutvirus	40.5	40	41	57.0	57	57	2
Pifdecavirus	39.5	39	41	56.0	56	56	4
Pijolavirus	40.0	39	41	55.0	55	56	3
Przondovirus	41.0	37	42	53.0	51	53	131
Rambovirus	40.0	40	40	47.0	47	47	1
Rindgevirus	41.0	41	41	47.0	47	47	1
Sarmavirus	41.0	41	41	49.0	49	49	1
Snaubvirus	40.0	40	40	52.0	52	52	1
Solymavirus	39.5	39	40	42.0	42	42	2
Teetrevirus	39.0	32	45	51.0	39	51	49
Teseptimavirus	39.0	32	41	49.0	48	49	27
Troedvirus	40.5	40	41	58.0	58	58	2
Unosvirus	39.0	39	39	58.0	58	58	2
Unyawovirus	40.0	40	40	48.0	48	48	2
Waldovirus	41.0	41	41	58.0	58	58	2
Warsawvirus	42.0	42	42	57.0	57	57	1
Wuhanvirus	38.0	37	39	41.0	41	41	3
Yuanmingyuanvirus	40.0	40	40	53.0	53	53	1
Kelmasvirus	40.0	40	40	62.0	62	62	1
Piedvirus	38.0	38	38	60.0	60	60	1
Serkorvirus	39.0	36	40	63.0	63	63	3
Stompelvirus	40.0	40	40	62.0	62	62	1
Alfirinvirus	46.0	46	46	54.0	54	54	1
Atuphduovirus	45.0	45	45	55.0	55	55	1
Cuernavacavirus	46.0	44	47	49.0	49	49	5
Mengvirus	45.0	45	45	51.0	51	51	1
Palovirus	46.0	46	46	52.0	52	52	1
Pasovirus	45.0	45	45	55.0	55	55	1
Songlingvirus	44.0	44	44	58.0	58	58	1
Tepoztlanvirus	46.0	46	46	56.0	56	56	2
Yautepecvirus	45.0	45	45	56.0	56	56	1
Angmobvirus	47.0	47	47	48.0	48	48	1
Cheungvirus	48.0	48	48	39.0	39	39	1
Dishuivirus	46.0	46	46	46.0	46	46	1
Igirivirus	45.0	45	45	50.0	50	50	1
Nerivirus	45.0	45	45	49.0	49	49	1
Poseidonvirus	42.0	42	42	44.0	44	44	1
Qadamvirus	45.0	45	45	42.0	42	42	1
Spiovirus	46.0	46	46	47.0	47	47	1
Tangaroavirus	47.0	47	48	39.0	39	40	3
Tiamatvirus	45.0	45	45	39.0	39	39	1
Tritonvirus	46.0	46	46	38.0	38	38	2
Actaeavirus	39.0	39	39	49.0	49	49	1
Aegirvirus	45.0	45	45	55.0	55	55	1
Aequorvirus	38.0	38	38	33.0	33	33	1
Ashivirus	45.0	45	45	45.0	45	45	1
Ayaqvirus	41.0	41	41	47.0	47	47	1
Banchanvirus	47.0	47	47	40.0	40	40	1
Boesrvirus	42.0	42	42	58.0	58	58	1
Chamilpavirus	40.0	40	40	59.0	59	59	1
Chosvirus	34.0	34	34	32.0	32	32	1
Cyclitvirus	44.0	44	44	44.0	44	44	1
Dynamenevirus	39.0	39	40	48.0	48	49	3
Foturvirus	48.5	48	49	41.0	41	41	2
Foussvirus	42.0	42	42	34.0	34	34	1
Fujianvirus	43.0	43	43	48.0	48	48	1
Fussvirus	38.0	38	38	32.5	32	33	2
Gajwadongvirus	45.0	45	45	46.0	46	46	3
Gyeongsanvirus	41.0	40	41	59.0	59	59	3
Hapakavirus	46.0	46	46	48.0	48	48	1
Jalkavirus	10.0	10	10	37.0	37	37	1
Jiaweivirus	42.0	42	42	66.0	66	66	1
Kafavirus	45.0	45	45	56.0	56	56	1
Kajamvirus	45.0	45	45	43.0	43	43	1
Kembevirus	46.0	46	46	55.0	55	55	1
Krakvirus	42.0	42	42	52.0	52	52	1
Kuwvirus	45.0	45	45	61.0	61	61	1
Lauvirus	39.0	39	39	35.0	35	35	1
Lingvirus	45.0	45	45	40.0	40	40	1
Lirvirus	47.0	47	47	47.0	47	47	1
Luzcentumvirus	37.0	37	37	61.0	61	61	1
Mallvirus	45.0	45	45	58.0	58	58	1
Morelosvirus	42.0	42	42	60.0	60	60	1
Nohivirus	44.0	44	44	56.0	56	56	1
Oceanidvirus	40.0	40	40	45.0	45	45	2
Oinezvirus	42.0	42	42	55.0	55	55	1
Paadamvirus	43.0	43	43	59.0	59	59	2
Pairvirus	46.0	46	46	61.0	61	61	1
Pastovirus	42.0	42	42	59.0	59	59	1
Pedosvirus	43.0	43	43	47.0	47	47	1
Pekhitvirus	20.0	20	20	47.0	47	47	1
Pelagivirus	42.5	42	43	34.0	34	34	2
Proddevirus	43.0	43	43	51.0	51	51	1
Reminisvirus	46.0	45	46	43.0	43	43	3
Sednavirus	46.0	46	46	47.0	47	47	1
Shangxiadianvirus	41.0	41	41	46.5	46	47	2
Sieqvirus	42.0	42	42	34.0	34	34	1
Stopalavirus	44.0	44	44	57.0	57	57	1
Stopavirus	40.0	40	40	32.0	32	32	1
Sumtervirus	46.0	46	46	67.0	67	67	1
Tawavirus	46.0	46	46	48.0	48	48	1
Thoosavirus	37.0	37	37	32.0	32	32	1
Tiilvirus	47.0	47	47	53.0	53	53	1
Tiranvirus	46.0	46	46	52.0	52	52	1
Tolavirus	45.0	45	45	47.0	47	47	1
Triteiavirus	42.0	42	42	50.0	50	50	1
Vistulavirus	42.0	42	42	59.0	59	59	1
Voetvirus	46.0	46	46	55.0	55	55	1
Votkovvirus	41.0	41	41	33.0	33	33	1
Yinyavirus	45.0	45	45	51.0	51	51	1
Youngvirus	44.0	44	44	47.0	47	47	1
Kahucivirus	83.0	83	83	26.0	26	26	1
Jahgtovirus	93.5	93	94	32.0	32	32	2
Carjivirus	98.0	97	99	29.0	29	29	5
Delmidovirus	92.0	90	94	30.5	30	31	2
Diorhovirus	91.0	91	91	31.0	31	31	1
Whopevirus	95.0	95	95	29.0	29	29	1
Fohxhuevirus	93.0	93	93	30.0	30	30	1
Hacihdavirus	93.0	93	93	31.0	31	31	1
Wotdevirus	90.0	90	90	29.0	29	29	1
Rudgehvirus	91.0	91	91	29.0	29	29	1
Akihdevirus	100.0	100	100	30.0	30	30	1
Kehishuvirus	101.0	99	103	35.0	35	35	9
Kolpuevirus	99.5	99	100	34.0	33	35	2
Lahndsivirus	102.0	102	102	40.0	40	40	1
Mahlunavirus	95.0	95	95	33.0	33	33	1
Mahstovirus	102.0	102	102	33.0	33	33	1
Pamirivirus	101.0	101	101	33.0	33	33	1
Paundivirus	100.0	100	100	32.0	32	32	1
Pipoluvirus	101.0	101	101	37.0	37	37	1
Wulfhauvirus	99.0	99	99	37.0	37	37	1
Kahnovirus	98.0	98	98	38.0	38	38	1
Canhaevirus	100.0	100	100	34.0	34	34	1
Cohcovirus	99.0	99	99	33.0	33	33	1
Besingivirus	93.0	93	93	29.0	29	29	1
Dechshavirus	100.0	100	100	42.0	42	42	1
Culoivirus	99.0	98	100	32.0	32	32	2
Amboselivirus	548.0	548	548	26.0	26	26	1
Vetruanivirus	541.0	540	542	26.0	26	26	3
Agtrevirus	159.0	158	161	50.0	50	51	5
Limestonevirus	153.5	152	155	49.5	49	50	2
Kuttervirus	157.0	143	163	45.0	44	46	40
Campanilevirus	148.0	148	148	47.0	47	47	1
Kujavirus	148.0	148	148	36.0	36	36	1
Miltonvirus	158.5	158	159	51.5	51	52	2
Nezavisimistyvirus	163.0	162	164	50.0	50	50	2
Taipeivirus	158.5	155	161	46.0	46	47	8
Tedavirus	145.0	145	145	48.0	48	48	1
Vapseptimavirus	145.0	145	145	42.0	42	42	1
Acionnavirus	170.0	170	170	39.0	39	39	1
Ahtivirus	180.0	180	180	41.0	41	41	1
Alisovirus	172.0	172	172	40.0	40	40	1
Anaposvirus	198.0	198	198	43.0	43	43	1
Atlauavirus	217.0	197	223	42.0	42	42	3
Bellamyvirus	205.0	205	205	41.0	41	41	1
Bristolvirus	194.0	194	194	40.0	40	40	1
Brizovirus	175.0	174	176	40.0	40	40	3
Chalconvirus	190.0	189	191	39.0	39	39	2
Charybdisvirus	198.0	198	198	42.0	42	42	1
Cymopoleiavirus	186.0	186	186	41.0	41	41	1
Emcearvirus	177.0	177	177	40.0	40	40	1
Galenevirus	173.0	173	173	40.0	40	40	1
Gibbetvirus	194.0	194	194	41.0	41	41	1
Glaucusvirus	176.0	176	176	40.0	40	40	1
Greenvirus	183.0	183	183	39.0	39	39	1
Haifavirus	197.0	197	197	34.0	34	34	1
Huanghaivirus	167.0	167	167	50.0	50	50	1
Kanaloavirus	175.0	175	175	39.0	39	39	1
Leucotheavirus	168.5	158	179	40.0	40	40	2
Libanvirus	189.0	189	189	41.0	41	41	1
Lipsvirus	233.0	233	233	39.0	39	39	1
Lowelvirus	179.0	179	179	40.0	40	40	1
Macariavirus	175.0	175	175	39.0	39	39	1
Makaravirus	167.0	167	167	50.0	50	50	1
Makelovirus	144.0	144	144	41.0	41	41	1
Mazuvirus	216.0	216	216	41.0	41	41	1
Namakavirus	176.0	176	176	39.0	39	39	1
Neptunevirus	172.5	171	174	40.5	40	41	2
Nereusvirus	164.0	155	173	39.0	39	39	2
Neritesvirus	171.0	171	171	39.0	39	39	1
Nerrivikvirus	175.0	175	175	42.0	42	42	1
Nilusvirus	191.0	191	191	40.0	40	40	1
Nodensvirus	196.0	196	196	38.0	38	38	1
Ormenosvirus	177.0	177	177	41.0	41	41	1
Palaemonvirus	182.0	182	182	37.0	37	37	1
Pontusvirus	175.0	175	175	41.0	41	41	1
Potamoivirus	192.0	192	192	39.0	39	39	2
Ronodorvirus	178.5	178	179	37.0	37	37	2
Salacisavirus	252.0	252	252	36.0	36	36	1
Scyllavirus	192.0	192	192	41.0	41	41	1
Sedonavirus	189.0	189	189	40.0	40	40	1
Serangoonvirus	241.0	241	241	36.0	36	36	1
Shandvirus	163.0	152	174	41.0	41	41	2
Shenzhenivirus	178.0	178	178	43.0	43	43	1
Sokavirus	185.0	185	185	45.0	45	45	1
Tamkungvirus	181.0	181	181	39.0	39	39	1
Tefnutvirus	172.0	172	172	41.0	41	41	1
Thaumasvirus	176.0	176	176	38.0	38	38	1
Thetisvirus	174.0	174	174	41.0	41	41	1
Vellamovirus	194.0	191	197	40.5	40	41	2
Yellowseavirus	180.0	180	180	42.0	42	42	1
Yushanluvirus	187.0	187	187	40.0	40	40	1
Zhoulongquanvirus	229.0	229	229	37.0	37	37	1
Ceceduovirus	230.0	230	232	39.0	39	39	3
Ishigurovirus	235.0	235	235	37.0	37	37	1
Centumtrigintavirus	160.0	160	160	40.0	40	40	1
Dhakavirus	170.5	155	172	40.0	39	40	12
Gaprivervirus	170.5	169	172	40.0	40	40	6
Gelderlandvirus	160.0	158	162	37.0	37	37	6
Jiaodavirus	166.5	163	169	39.5	39	40	6
Kagamiyamavirus	175.0	175	175	38.0	38	38	1
Kanagawavirus	174.5	173	178	40.0	40	41	8
Karamvirus	173.0	166	175	40.0	37	40	18
Moonvirus	171.0	170	173	39.0	39	39	4
Mosigvirus	169.0	167	187	38.0	37	38	16
Mosugukvirus	170.0	170	170	35.0	35	35	1
Risoevirus	176.0	176	176	38.0	38	38	1
Tegunavirus	168.0	162	169	35.0	35	35	3
Tequatrovirus	167.0	164	194	35.0	30	36	83
Winklervirus	171.5	171	172	39.0	39	39	2
Acajnonavirus	170.0	170	170	40.0	40	40	1
Hadassahvirus	167.0	166	168	36.0	36	36	2
Lasallevirus	164.0	164	164	39.0	39	39	1
Lazarusvirus	166.0	165	168	37.0	37	37	8
Zedzedvirus	167.0	167	167	34.0	34	34	1
Angelvirus	222.0	222	222	42.0	42	42	1
Biquartavirus	174.0	174	174	44.0	44	44	1
Bragavirus	163.0	162	168	31.0	31	32	3
Carettavirus	121.0	121	121	37.0	37	37	1
Chrysonvirus	225.0	225	225	43.0	43	43	1
Cinqassovirus	227.0	221	233	42.5	42	43	2
Gualtarvirus	163.0	163	163	35.0	35	35	1
Jiangsuvirus	166.0	166	166	35.0	35	35	1
Krischvirus	164.5	163	166	40.5	40	41	6
Mylasvirus	248.0	248	248	41.0	41	41	1
Nanhuvirus	183.0	183	183	40.0	40	40	1
Pseudotevenvirus	178.0	176	182	44.0	43	45	9
Schizotequatrovirus	247.0	245	248	41.0	41	43	3
Slopekvirus	174.0	172	176	42.0	41	42	5
Tulanevirus	162.0	161	166	41.0	41	41	8
Harrekavirus	43.0	43	43	32.0	32	32	1
Brussowvirus	36.0	34	49	39.0	39	40	32
Moineauvirus	36.0	33	41	39.0	38	39	81
Vansinderenvirus	35.0	32	37	38.0	38	39	11
Honmavirus	34.5	33	35	54.0	53	54	8
Beograduvirus	46.5	46	48	63.0	63	63	4
Tsukubavirus	46.0	46	50	61.0	61	61	12
Bakolyvirus	45.0	44	45	62.0	62	62	6
Naesvirus	48.0	47	48	63.5	63	64	4
Felixounavirus	87.0	78	90	39.0	39	39	96
Kolesnikvirus	85.0	85	85	44.0	43	44	3
Mooglevirus	88.5	86	91	39.0	39	40	18
Arnovirus	92.0	92	92	45.0	45	45	3
Daniellevirus	86.0	86	86	38.0	38	38	2
Wroclawvirus	287.0	287	287	33.0	33	33	1
Cebadecemvirus	54.0	54	54	32.0	32	32	1
Cellubavirus	57.0	57	57	31.0	31	31	1
Nekkelsvirus	53.0	53	53	32.0	32	32	1
Altadenavirus	49.0	48	50	70.0	70	70	2
Ayohtrevirus	47.0	47	47	65.0	65	65	1
Eastwestvirus	50.0	50	50	62.0	62	62	1
Jawnskivirus	50.0	49	50	63.0	63	64	5
Jinkiesvirus	49.0	49	49	65.0	65	65	1
Lilmacvirus	50.0	49	50	69.5	69	70	4
Marthavirus	51.0	51	51	61.0	61	61	4
Sicariusvirus	49.5	49	50	64.0	64	64	2
Vibakivirus	48.0	48	48	67.0	67	67	1
Vieuvirus	48.0	38	61	39.0	39	40	13
Baileybluvirus	40.5	40	41	66.0	66	66	2
Barnstormervirus	47.5	47	48	70.0	70	70	2
Cenunavirus	49.0	49	49	71.0	71	71	1
Emotionvirus	45.0	45	45	68.0	68	68	1
Galvastonvirus	41.0	41	41	66.0	66	66	1
Gardenstatevirus	45.5	45	46	70.0	70	70	2
Hilgardvirus	43.0	43	43	67.0	67	67	1
Honkvirus	50.0	50	50	70.0	70	70	1
Liebevirus	45.0	44	46	68.5	68	69	2
Mabodamacavirus	49.0	49	49	70.0	70	70	1
Manhattanvirus	43.0	42	44	66.0	65	69	7
Percivalvirus	48.0	47	49	69.5	69	70	2
Swepdovirus	43.0	43	43	68.0	68	68	1
Yangvirus	44.0	43	44	67.0	67	69	16
Zetavirus	48.0	48	48	71.0	71	71	1
Ahduovirus	58.0	58	58	61.0	61	61	1
Broinstvirus	57.0	57	57	55.0	55	55	1
Cenphatecvirus	60.0	60	60	49.0	49	49	1
Chivirus	59.0	54	61	57.0	56	57	17
Dunedinvirus	64.0	64	64	57.0	57	57	1
Enchivirus	60.0	60	60	51.0	51	51	1
Fengtaivirus	62.0	62	62	60.0	60	60	1
Gediminasvirus	59.0	59	59	63.0	63	63	1
Gwanakrovirus	63.0	63	63	57.0	57	57	1
Jacunavirus	62.0	62	62	59.0	59	59	1
Kokobelvirus	60.0	60	60	49.0	49	49	1
Lavrentievavirus	59.0	59	59	47.0	47	47	3
Maxdohrnvirus	58.0	58	58	60.0	60	60	1
Nazgulvirus	57.0	57	57	61.0	61	61	1
Newforgelanevirus	59.0	59	59	55.0	55	55	1
Phobosvirus	57.5	57	58	63.0	63	63	2
Redjacvirus	61.0	58	61	49.0	49	49	3
Salvovirus	56.0	56	56	63.0	63	63	1
Sanovirus	56.0	56	56	62.0	62	62	1
Seodaemunguvirus	58.0	58	58	59.0	59	59	1
Sessunavirus	60.0	60	60	61.0	61	61	1
Sharonstreetvirus	61.0	61	61	62.0	61	62	4
Yonseivirus	58.0	58	59	56.0	56	56	3
Zhonglingvirus	60.0	60	60	54.0	54	54	1
Carltongylesvirus	53.0	52	56	44.0	44	44	17
Faunusvirus	54.0	54	54	44.0	44	44	1
Loessnervirus	54.0	53	57	44.0	44	44	7
Fifivirus	54.0	54	54	44.0	44	44	1
Myducvirus	53.0	53	53	39.0	39	39	1
Sabourvirus	52.0	52	52	43.0	43	43	1
Suwonvirus	54.0	53	55	45.0	45	45	2
Liaoningvirus	54.0	54	54	45.0	45	45	1
Longwangvirus	53.0	53	53	51.0	51	51	1
Pahsextavirus	53.0	52	54	53.0	52	53	3
Phayathaivirus	51.5	51	52	52.0	52	52	2
Shantouvirus	57.0	57	57	53.0	53	53	1
Yushanvirus	54.5	54	55	50.0	49	51	2
Aphroditevirus	238.0	238	242	43.0	43	44	4
Tidunavirus	237.5	236	239	44.0	43	45	2
Agricanvirus	271.5	271	274	50.0	50	50	6
Branisovskavirus	254.0	254	254	45.0	45	45	1
Chaoshanvirus	235.0	235	235	36.0	36	36	1
Chiangmaivirus	223.5	223	224	52.0	52	52	2
Derbicusvirus	224.0	224	224	51.0	51	51	1
Elvirus	211.0	211	211	49.0	49	49	1
Eowynvirus	265.0	265	265	45.0	45	45	1
Erskinevirus	244.5	243	246	51.0	51	51	2
Ferozepurvirus	236.0	235	237	38.5	38	39	2
Goslarvirus	237.0	237	237	47.0	47	47	1
Iapetusvirus	218.0	218	218	52.0	52	52	1
Ludhianavirus	260.0	260	262	48.0	47	48	3
Maaswegvirus	307.0	307	307	45.0	45	45	1
Machinavirus	242.0	242	242	51.0	51	51	1
Meadowvirus	263.0	263	263	43.0	43	43	1
Miamivirus	253.0	253	253	44.0	44	44	1
Miltoncavirus	309.0	309	309	48.0	48	48	1
Moabitevirus	275.0	274	276	47.0	47	47	2
Nimduovirus	253.0	253	253	41.0	41	41	1
Noxifervirus	278.0	278	278	54.0	54	54	1
Pawinskivirus	302.0	302	302	44.0	44	44	1
Petsuvirus	277.0	277	277	43.0	43	43	1
Phabiovirus	309.0	309	309	43.0	43	43	1
Phikzvirus	280.0	267	280	37.0	37	37	3
Ripduovirus	280.0	280	280	53.0	53	53	1
Risingsunvirus	235.0	235	235	48.0	48	48	1
Seoulvirus	240.0	240	240	49.0	49	49	1
Serwervirus	317.0	317	317	45.0	45	45	1
Siatvirus	297.0	297	297	46.0	46	46	1
Tepukevirus	305.0	305	305	43.0	43	43	1
Wellingtonvirus	245.0	245	245	52.0	52	52	1
Lomovskayavirus	41.0	41	42	63.0	63	64	3
Sebastisaurusvirus	41.0	41	42	62.0	62	63	3
Shadyvirus	45.0	45	45	62.0	62	62	1
Shaekyvirus	46.0	46	46	63.0	63	63	1
Sycamorevirus	45.0	45	45	63.0	63	63	1
Tigunavirus	40.0	40	40	65.0	65	65	1
Vashvirus	41.0	41	42	63.0	62	63	3
Firehammervirus	177.0	158	183	27.0	27	27	6
Fletchervirus	131.0	124	135	26.0	26	26	13
Cetovirus	128.0	128	128	40.0	40	40	1
Jesfedecavirus	112.0	112	116	43.0	43	43	3
Thalassavirus	127.0	120	129	40.0	40	40	12
Vipunavirus	112.0	112	112	40.0	40	40	1
Epseptimavirus	113.0	105	125	40.0	40	41	77
Kononvirus	114.0	114	114	38.0	38	38	1
Tequintavirus	110.0	102	138	39.0	39	40	68
Hongcheonvirus	106.0	106	106	40.0	40	40	1
Myunavirus	122.0	122	122	41.0	41	41	1
Keyvirus	116.5	116	117	39.0	39	39	2
Novosibvirus	104.0	104	104	38.5	38	39	2
Pogseptimavirus	113.0	112	114	44.0	44	44	2
Priunavirus	114.0	109	119	40.0	40	40	2
Shenzhenvirus	114.5	113	116	44.0	44	44	2
Sugarlandvirus	113.0	106	123	45.0	45	46	14
Augustepiccardvirus	50.0	50	50	45.0	45	45	1
Christensenvirus	47.0	47	47	44.0	44	44	1
Guelphvirus	46.0	46	46	44.0	44	44	2
Inhoffenstrassevirus	43.0	43	43	44.0	44	44	1
Julespiccardvirus	48.0	48	48	45.0	45	45	1
Loudonvirus	45.0	44	46	44.0	44	44	2
Rtpvirus	47.0	46	48	44.0	44	45	3
Veterinaerplatzvirus	46.0	44	47	44.0	44	45	5
Eastlansingvirus	48.0	48	48	44.0	44	44	1
Lindendrivevirus	47.0	47	47	44.0	44	44	1
Rogunavirus	47.0	43	48	44.0	44	44	11
Sadiyavirus	48.0	48	48	45.0	45	45	1
Wilsonroadvirus	48.0	48	48	44.0	44	44	1
Baihuvirus	49.0	49	49	47.0	47	47	1
Changchunvirus	50.5	50	51	46.0	46	46	2
Hanrivervirus	51.0	46	53	44.0	44	45	20
Henuseptimavirus	50.0	50	50	48.0	48	49	3
Jahatvirus	51.0	51	51	46.0	46	46	1
Peekayseptimavirus	52.0	52	52	49.0	49	49	1
Pocisvirus	49.0	49	49	45.0	45	45	1
Tlsvirus	50.0	47	52	43.0	42	43	20
Warwickvirus	51.0	48	52	45.0	44	45	17
Badaguanvirus	50.0	50	50	50.0	50	50	1
Sertoctavirus	49.5	49	50	48.0	48	48	2
Tunavirus	50.0	49	51	46.0	45	46	24
Eclunavirus	52.0	52	52	48.0	48	48	1
Hicfunavirus	46.0	46	46	45.0	45	45	1
Jhansiroadvirus	50.0	50	50	45.0	45	45	1
Kyungwonvirus	48.5	48	49	50.0	50	50	2
Nouzillyvirus	51.0	51	51	46.0	46	46	1
Sauletekiovirus	51.0	51	51	48.0	48	48	1
Vilniusvirus	52.0	52	52	50.0	50	50	1
Webervirus	50.0	38	54	51.0	48	52	100
Ingelinevirus	43.0	43	43	32.0	32	32	1
Labanvirus	43.0	43	43	31.0	31	31	1
Unahavirus	45.0	39	47	31.5	31	32	4
Anathvirus	52.0	52	52	41.0	41	41	1
Andromedavirus	49.0	49	50	42.0	41	42	11
Chennaivirus	51.0	51	51	41.0	41	41	1
Dazunavirus	50.0	50	50	42.0	42	42	1
Gettysburgvirus	53.0	53	53	43.0	42	43	3
Nairobivirus	50.0	50	50	41.0	41	41	1
Suttonboningtonvirus	51.0	51	51	42.0	42	42	1
Chronisvirus	46.0	46	46	52.0	52	52	1
Certevirus	45.0	45	45	50.0	50	50	1
Nakavirus	46.0	46	46	53.0	53	53	1
Freyavirus	45.5	44	47	29.0	29	29	2
Jamesmcgillvirus	43.0	43	43	45.0	45	45	2
Trabzonvirus	85.0	85	85	39.0	39	39	1
Crifsvirus	76.0	75	77	44.0	44	44	2
Dalianvirus	112.0	112	112	40.0	40	40	1
Lahexavirus	99.5	97	103	42.0	42	42	4
Libingvirus	86.0	86	86	42.0	42	42	1
Lundtoftevirus	76.0	76	76	44.0	44	44	1
Moazamivirus	90.0	90	90	44.0	44	44	2
Privateervirus	90.5	90	92	35.0	35	35	4
Capvunavirus	17.0	17	17	31.0	31	31	1
Gregsiragusavirus	18.5	18	20	28.0	28	28	6
Brucesealvirus	18.0	18	18	34.5	33	35	6
Hzauvirus	19.0	19	19	31.0	31	31	1
Susfortunavirus	19.0	19	19	29.0	28	29	3
Leefvirus	38.0	38	38	30.0	30	30	1
Agatevirus	151.0	150	160	41.0	41	41	4
Bastillevirus	160.0	154	161	38.0	38	38	4
Bequatrovirus	163.0	163	167	38.0	38	38	7
Caeruleovirus	159.0	153	165	40.0	39	40	6
Eldridgevirus	166.0	166	166	40.0	40	40	1
Goettingenvirus	162.0	162	162	39.0	39	39	1
Grisebachstrassevirus	156.0	156	156	42.0	42	42	1
Jeonjuvirus	153.0	153	153	42.0	42	42	1
Matervirus	164.0	164	164	39.0	39	39	1
Moonbeamvirus	161.0	161	161	40.0	40	40	1
Nitunavirus	156.0	152	157	42.0	42	42	3
Shalavirus	138.0	138	138	36.0	36	36	1
Siophivirus	147.0	147	147	39.0	39	39	1
Tsarbombavirus	156.0	154	162	40.0	40	40	3
Wphvirus	158.5	157	162	39.0	36	39	6
Kochikohdavirus	142.0	131	147	36.0	36	36	13
Schiekvirus	151.0	145	157	37.0	37	37	19
Pecentumvirus	135.5	131	138	36.0	36	36	14
Okubovirus	139.5	133	146	40.0	40	40	2
Siminovitchvirus	139.0	138	139	41.0	41	41	3
Baoshanvirus	146.0	143	149	30.0	30	30	2
Kayvirus	141.0	127	149	30.0	30	30	25
Sciuriunavirus	140.0	140	140	32.0	32	32	1
Sepunavirus	140.5	140	141	28.0	28	28	2
Silviavirus	134.5	131	136	30.0	30	30	4
Twortvirus	131.0	131	131	30.0	30	30	1
Elpedvirus	145.0	145	145	34.0	34	34	1
Harbinvirus	141.0	138	143	37.0	36	37	5
Hopescreekvirus	106.0	106	106	38.0	38	38	1
Klumppvirus	127.0	127	127	41.0	41	41	1
Mooreparkvirus	142.0	142	142	37.0	37	37	1
Salchichonvirus	132.0	132	132	37.0	37	37	1
Tybeckvirus	136.5	136	137	32.0	32	32	2
Watanabevirus	141.0	141	141	37.0	37	37	1
Obolenskvirus	45.0	43	46	38.0	37	38	41
Kozievirus	53.0	53	53	71.0	71	71	2
Margaeryvirus	56.0	56	56	70.0	70	70	2
Mementomorivirus	56.0	55	56	70.0	70	70	4
Fuzzbustervirus	55.0	55	55	68.0	68	68	1
Meganvirus	55.0	55	55	70.0	70	70	2
Metamorphoovirus	54.0	53	55	69.0	68	69	7
Quhwahvirus	53.0	53	54	69.0	69	69	9
Bajunvirus	207.0	207	207	66.0	66	66	1
Bertelyvirus	319.5	317	322	64.0	64	64	2
Colossusvirus	294.0	280	308	62.0	62	62	2
Kikimoravirus	317.5	313	322	63.0	63	63	2
Marchewkavirus	353.0	348	356	66.0	66	66	3
Poindextervirus	222.5	221	224	66.0	66	66	2
Shapirovirus	217.5	216	219	66.0	66	66	2
Cuauhnahuacvirus	207.5	207	208	41.0	41	41	2
Cafassovirus	87.0	86	88	68.0	68	68	4
Vanleevirus	85.0	85	85	68.0	68	68	1
Bcepfunavirus	72.0	72	72	56.0	56	56	1
Carpasinavirus	62.0	61	62	52.0	52	52	3
Gladiolivirus	68.0	68	68	55.0	55	55	1
Irusalimvirus	70.0	70	70	51.0	51	51	1
Kylevirus	73.0	73	73	49.0	49	49	1
Myosmarvirus	68.5	68	69	49.0	49	50	4
Pbunavirus	66.0	61	69	55.5	55	56	44
Plutovirus	68.0	68	68	58.0	58	58	1
Tabernariusvirus	67.0	67	67	52.0	52	52	1
Wifcevirus	68.0	67	72	46.0	46	46	10
Ludisvirus	49.0	49	49	49.0	49	49	1
Saclayvirus	103.0	100	108	37.0	37	38	11
Cepunavirus	20.0	20	20	39.0	39	39	1
Dabrowskivirus	120.0	120	120	40.0	40	40	1
Abidjanvirus	57.5	57	60	63.0	63	64	4
Bosavirus	64.0	63	64	67.0	65	68	6
Cinvestavvirus	59.0	59	59	68.0	68	68	1
Docaquintavirus	56.0	56	56	60.0	60	60	1
Donnerlittchenvirus	58.0	58	58	68.0	68	68	1
Elanorvirus	62.0	62	62	65.0	65	65	1
Epaquintavirus	64.0	64	64	62.0	62	62	1
Ghuizhouvirus	62.0	62	62	62.0	62	62	1
Mallosvirus	59.0	59	59	62.0	62	62	1
Pamexvirus	58.0	55	58	66.0	66	66	4
Xooduovirus	61.0	60	62	67.0	67	67	2
Vojvodinavirus	60.0	60	62	64.0	64	64	4
Yuavirus	61.5	59	62	64.0	64	65	6
Keylargovirus	64.0	64	64	62.0	62	62	1
Mollyvirus	124.5	124	125	36.0	36	36	2
Kuravirus	77.0	69	79	42.0	42	42	22
Nieuwekanaalvirus	76.5	76	77	42.5	42	43	2
Suseptimavirus	77.0	76	79	42.0	42	42	7
Noahvirus	75.0	75	75	47.0	47	47	1
Dewhirstvirus	48.0	48	50	52.0	52	52	4
Excelsiorvirus	42.0	42	42	50.0	50	50	1
Haasevirus	44.0	44	47	50.0	50	50	5
Nixvirus	42.0	42	42	49.0	49	49	1
Schifferlevirus	44.5	43	45	50.0	50	51	4
Bonaevitaevirus	17.0	17	17	68.0	68	68	1
Efekovirus	17.0	17	17	69.0	69	69	1
Paopuvirus	17.0	17	18	69.0	68	69	9
Bacelvirus	73.0	73	73	33.0	33	33	1
Baltivirus	72.0	71	76	33.0	33	33	3
Gundelvirus	79.0	79	79	30.0	30	30	1
Aptresvirus	37.0	36	38	64.0	64	64	2
Aresaunavirus	39.0	39	39	65.0	65	65	2
Arsenicumvirus	40.0	40	40	47.0	47	47	1
Arsyunavirus	40.0	40	40	65.0	65	65	1
Baylorvirus	36.0	35	37	42.0	42	42	2
Bielevirus	33.0	32	34	61.5	61	62	2
Bracchivirus	33.0	33	33	39.0	39	39	1
Canoevirus	32.0	32	32	45.0	45	45	1
Catalunyavirus	35.0	35	35	42.0	42	42	1
Citexvirus	36.0	35	37	62.0	62	63	3
Dagavirus	39.0	39	39	54.0	54	54	1
Duodecimduovirus	37.0	37	37	65.0	65	65	1
Duonihilunusvirus	30.0	30	33	51.0	50	51	3
Eganvirus	30.0	30	31	53.0	53	54	5
Elveevirus	33.5	33	34	50.5	50	51	2
Entnonagintavirus	30.0	30	30	56.0	56	56	1
Evevirus	29.0	29	29	51.0	51	51	1
Felsduovirus	35.0	34	35	51.0	51	52	3
Firavirus	36.0	36	36	46.0	46	46	1
Gegavirus	34.0	34	34	53.0	53	53	1
Gegevirus	40.0	40	40	53.0	53	53	1
Gemsvirus	33.0	33	33	52.0	52	52	1
Graikaemvirus	33.0	33	33	49.0	49	49	1
Hpunavirus	32.0	32	32	40.0	40	40	1
Irrigatiovirus	30.0	30	30	54.0	54	54	1
Irtavirus	32.0	31	33	41.5	41	42	2
Kapieceevirus	32.0	32	32	52.0	52	52	1
Kayeltresvirus	39.0	38	41	64.0	63	65	5
Kisquattuordecimvirus	32.0	32	33	62.0	61	62	3
Kisquinquevirus	37.0	37	37	64.5	64	65	2
Longwoodvirus	33.0	33	33	49.0	49	49	1
Maltschvirus	36.0	36	36	42.0	42	42	1
Nampongvirus	35.0	35	35	63.0	63	63	1
Novemvirus	32.0	32	32	52.0	52	52	1
Peduovirus	32.0	29	34	52.0	50	53	30
Phitrevirus	33.0	33	33	64.0	64	64	1
Piscesmortuivirus	37.0	37	37	58.0	58	58	1
Playavirus	33.0	33	33	51.0	51	51	1
Quadragintavirus	31.0	31	31	51.0	51	51	3
Reginaelenavirus	35.0	35	35	54.0	54	54	1
Reipivirus	38.0	38	38	50.0	50	50	1
Senquatrovirus	34.0	34	34	53.0	53	53	1
Seongnamvirus	29.0	29	29	55.0	55	55	1
Simpcentumvirus	34.0	34	34	65.0	65	65	1
Tigrvirus	37.0	36	38	65.0	64	65	4
Tresduoquattuorvirus	29.0	29	29	50.0	50	50	1
Valbvirus	37.0	37	37	43.0	43	43	1
Vimunumvirus	34.0	34	34	53.0	53	53	1
Vulnificusvirus	34.0	34	34	48.0	48	48	1
Wadgaonvirus	39.0	39	39	53.0	53	53	1
Xuanwuvirus	36.5	31	38	52.5	52	53	4
Yongunavirus	34.0	34	34	46.0	46	46	1
Callevirus	73.0	73	73	38.0	38	38	2
Trinifflemingvirus	154.0	153	154	49.0	48	49	3
Emnonavirus	149.0	149	149	50.0	50	50	1
Heverleevirus	151.0	151	151	47.0	47	47	1
Innesvirus	157.0	156	159	50.0	50	50	5
Rollinsvirus	143.0	143	143	49.0	49	49	1
Andhravirus	18.0	18	19	30.0	30	30	4
Rosenblumvirus	18.0	17	18	29.0	29	30	18
Copernicusvirus	18.0	18	19	33.0	33	34	13
Minhovirus	19.0	19	19	35.0	35	35	2
Fischettivirus	17.0	17	17	35.0	35	35	1
Negarvirus	19.0	19	19	31.0	31	31	1
Arthrovirus	45.0	45	45	46.0	46	46	1
Kozyakovvirus	42.0	42	42	43.0	43	43	1
Morrisvirus	41.0	41	42	52.0	52	52	3
Wumpquatrovirus	40.5	40	41	52.0	52	52	2
Wumptrevirus	42.5	42	43	46.5	46	47	2
Claudivirus	26.0	24	27	30.0	30	31	10
Hemphillvirus	26.5	25	27	31.0	31	31	4
Klosterneuburgvirus	27.0	27	27	31.0	31	31	1
Layangcvirus	28.0	28	28	30.0	30	30	1
Bahkauvirus	18.0	18	18	38.0	38	38	1
Beecentumtrevirus	18.5	18	19	37.0	37	37	2
Salasvirus	19.0	19	22	40.0	40	40	3
Gaunavirus	21.0	21	21	35.0	35	35	2
Karezivirus	20.0	20	20	37.0	37	37	1
Bundooravirus	19.0	18	19	35.0	34	36	3
Harambevirus	21.5	21	22	35.0	35	35	2
Huangshavirus	29.0	29	29	31.0	31	31	1
Mingyongvirus	19.0	19	19	36.0	36	36	1
Cornellvirus	42.0	41	44	51.0	51	51	9
Jerseyvirus	43.0	41	45	50.0	49	50	64
Kagunavirus	42.0	41	46	51.0	50	51	14
Otakuvirus	40.0	40	40	57.0	57	57	2
Seretavirus	43.0	43	43	50.0	50	50	1
Exceevirus	79.0	79	79	40.0	40	40	1
Acanvirus	78.0	77	78	45.5	45	46	4
Cyamitesvirus	77.5	77	78	46.0	46	46	2
Enquatrovirus	70.0	70	70	41.0	41	41	1
Gamaleyavirus	72.5	68	74	43.0	43	44	30
Kaypoctavirus	74.0	73	74	44.0	44	44	5
Moovirus	72.0	72	72	45.0	45	45	1
Johnsonvirus	75.5	75	76	47.0	47	47	2
Yonginvirus	76.0	76	76	47.0	47	47	1
Matsuvirus	77.0	77	77	39.0	39	39	1
Stoningtonvirus	77.0	77	77	42.5	42	43	2
Pacinivirus	69.0	67	71	35.0	35	35	3
Vicoquintavirus	74.0	74	74	39.0	39	39	1
Cavevirus	73.0	73	73	50.0	50	50	1
Pokkenvirus	76.0	75	76	55.0	55	55	4
Philippevirus	75.0	75	75	54.0	54	54	1
Riverridervirus	76.0	76	76	49.0	49	49	1
Ithacavirus	71.5	71	73	40.0	39	40	6
Pollockvirus	68.0	68	68	36.0	36	36	1
Pylasvirus	71.0	70	71	41.0	41	42	3
Triduovirus	71.0	71	71	41.0	41	41	1
Litunavirus	73.0	72	73	55.0	55	55	19
Luzseptimavirus	74.0	73	75	53.0	53	53	2
Dorisvirus	77.0	77	77	43.0	43	43	1
Galateavirus	78.0	78	78	43.0	43	43	1
Nahantvirus	76.0	76	76	43.0	43	43	1
Aoqinvirus	73.0	73	73	50.0	50	50	1
Aorunvirus	74.0	73	75	47.5	47	48	2
Sanyabayvirus	75.5	75	76	50.0	50	50	2
Baltimorevirus	75.0	75	75	49.0	49	49	1
Gonggongvirus	76.0	76	76	49.0	49	49	1
Plymouthvirus	75.0	75	75	49.0	49	49	1
Pomeroyivirus	75.0	75	75	51.0	51	51	1
Raunefjordenvirus	74.0	74	74	43.0	43	43	1
Dongdastvirus	74.0	73	75	55.0	55	55	4
Inbricusvirus	70.0	70	70	56.0	56	56	1
Jwalphavirus	72.0	72	72	54.0	54	54	1
Pourcelvirus	73.5	73	74	54.0	54	54	2
Cbunavirus	76.0	74	77	49.0	48	49	7
Efbeekayvirus	76.0	74	77	44.0	43	45	9
Dendoorenvirus	74.0	74	74	60.0	60	60	1
Eceepunavirus	59.0	59	59	37.0	37	37	1
Electravirus	78.0	78	78	45.0	45	45	1
Huelvavirus	75.0	75	75	44.0	44	44	1
Littlefixvirus	74.5	74	75	48.0	47	49	2
Mukerjeevirus	72.0	72	72	43.0	43	43	4
Oliverunavirus	76.0	76	76	45.0	45	45	1
Pariacacavirus	71.0	70	72	43.0	43	43	2
Waedenswilvirus	74.5	74	75	51.5	51	52	2
Penintadodekavirus	68.0	68	68	38.0	38	38	1
Petruschkyvirus	70.0	70	70	41.0	41	41	1
Presleyvirus	78.0	78	78	38.0	38	38	1
Shizishanvirus	73.0	73	73	53.0	53	53	1
Varunavirus	73.0	73	73	38.0	38	38	1
Xoxocotlavirus	76.0	76	76	45.0	45	45	1
Zicotriavirus	70.5	70	71	43.0	43	43	2
Zurivirus	76.0	76	76	54.0	54	54	1
Clownvirus	58.0	58	58	66.0	66	66	1
Wizardvirus	59.0	58	60	68.0	68	68	20
Dexdertvirus	56.0	55	57	68.0	67	68	4
Kroosvirus	57.0	57	58	68.0	68	68	8
Leonardvirus	59.0	56	60	68.0	68	68	5
Vividuovirus	59.0	58	60	67.0	67	68	20
Zitchvirus	60.0	59	61	68.0	67	68	7
Lilbeanievirus	59.0	59	59	68.0	68	68	1
Coruscantvirus	134.0	134	134	48.0	48	48	1
Karimacvirus	133.0	131	134	49.0	48	49	5
Samistivirus	133.0	131	136	50.0	49	50	11
Tomasvirus	134.0	134	134	48.0	48	48	1
Annadreamyvirus	128.0	126	130	48.0	48	48	2
Faustvirus	131.0	131	131	47.0	47	47	2
Gilsonvirus	128.5	128	129	47.0	47	47	2
Wakandavirus	127.5	127	128	53.0	53	53	2
Wilnyevirus	127.0	127	127	53.0	53	53	1
Rivavirus	45.5	45	46	44.0	44	44	2
Splendidredvirus	43.5	43	44	45.0	45	45	2
Prospektnaukivirus	45.0	45	45	42.0	42	42	1
Dilongvirus	95.0	95	95	45.0	45	45	1
Flaumdravirus	92.0	91	93	45.0	45	45	2
Kremarvirus	99.0	98	99	49.0	49	49	3
Omahavirus	99.0	99	99	48.0	48	48	1
Otagovirus	99.0	94	100	48.0	48	48	11
Shenlongvirus	97.0	97	97	48.0	48	48	1
Tartuvirus	96.5	96	97	47.0	47	47	4
Torinovirus	99.0	99	99	49.0	49	49	1
Uavernvirus	102.0	102	102	51.0	51	51	1
Ventosusvirus	97.0	97	97	49.0	49	49	1
Weillhallvirus	95.0	95	95	45.0	45	45	1
Yunamivirus	93.0	93	93	45.0	45	45	1
Baldwinvirus	95.0	95	95	50.0	50	50	1
Pakpunavirus	93.0	89	95	49.0	49	49	35
Chemalvirus	95.0	95	95	44.0	44	44	1
Nankokuvirus	88.0	85	88	55.0	55	55	5
Bromdenvirus	74.0	70	78	58.5	58	59	2
Bronvirus	73.0	68	75	59.0	59	59	6
Faithunavirus	76.0	69	78	59.0	59	59	7
Lumosvirus	76.0	76	76	59.0	59	59	4
Bongovirus	81.0	80	82	61.0	60	62	2
Reyvirus	84.0	83	84	61.0	61	62	5
Kumaovirus	70.0	70	70	62.0	62	62	1
Wildcatvirus	78.0	78	78	57.0	57	57	1
Peternellavirus	40.0	40	40	35.0	35	35	1
Pippivirus	35.0	35	35	38.0	38	38	2
Commandariavirus	68.0	68	68	66.0	66	66	1
Foxborovirus	68.0	67	68	66.0	66	66	5
Gruunavirus	66.5	66	68	65.0	65	65	4
Kablunavirus	68.0	66	69	66.0	66	66	3
Pleakleyvirus	64.0	64	64	65.0	65	65	1
Skysandvirus	67.0	66	67	66.0	66	66	3
Sukkupivirus	65.0	64	66	66.0	66	66	4
Ceetrepovirus	67.0	66	68	52.0	52	52	5
Chunghsingvirus	71.0	71	71	51.0	51	51	1
Alegriavirus	49.0	49	49	50.0	50	50	1
Bievrevirus	49.0	49	49	50.0	50	50	1
Glaedevirus	46.0	46	46	50.0	50	50	1
Jouyvirus	47.0	47	50	50.0	50	50	3
Lambdavirus	45.0	42	47	50.5	50	52	4
Nesevirus	46.5	46	47	50.0	50	50	2
Radostvirus	47.0	47	47	50.0	50	50	1
Siovirus	40.0	39	40	46.0	46	47	3
Veravirus	41.0	41	41	48.0	48	48	1
Citrovirus	48.0	48	48	42.0	42	42	1
Icepovirus	50.0	50	50	43.0	43	43	1
Melvirus	44.5	44	45	45.0	45	45	2
Paundecimvirus	50.0	50	50	45.0	45	45	1
Salinovirus	49.0	49	49	48.0	48	48	1
Vipivirus	46.0	46	46	50.0	50	50	1
Mapvirus	50.0	48	53	59.0	57	60	4
Steinhofvirus	46.0	46	50	56.0	54	56	11
Haetaevirus	169.0	169	169	34.0	34	34	1
Kirovvirus	166.0	166	166	35.0	35	35	1
Denvervirus	86.0	86	86	33.0	33	33	1
Vipetofemvirus	85.5	85	86	30.0	30	30	2
Arequatrovirus	51.0	51	53	67.0	67	67	3
Caelumvirus	51.0	50	53	68.0	67	68	5
Camvirus	49.0	48	50	66.0	65	66	10
Celiavirus	50.0	50	50	69.0	69	69	1
Hautrevirus	50.0	50	50	68.0	68	68	1
Janusvirus	51.0	49	51	66.0	66	67	3
Likavirus	51.0	50	52	66.0	66	66	14
Omarvirus	49.5	49	51	67.0	67	67	4
Salutenavirus	52.0	52	52	68.0	68	68	1
Sentinelvirus	50.5	50	51	66.5	66	67	2
Yosifvirus	50.0	50	50	66.0	66	66	1
Dubowvirus	43.0	41	44	34.0	34	35	18
Phietavirus	43.0	40	45	35.0	34	36	30
Acadianvirus	70.0	70	70	68.0	68	68	4
Birdsnestvirus	71.0	71	71	70.0	70	70	1
Coopervirus	70.5	69	72	69.0	68	69	12
Imvubuvirus	70.0	70	70	70.0	70	70	1
Julieunavirus	71.0	71	71	70.0	70	70	1
Lilmcdreamyvirus	72.0	72	72	69.0	69	69	1
Pegunavirus	68.5	65	69	66.0	66	67	8
Pipefishvirus	69.0	68	69	67.0	67	68	5
Quesadillavirus	71.5	71	72	70.0	70	70	2
Rosebushvirus	67.0	67	67	69.0	69	69	4
Saguarovirus	69.0	69	69	70.0	70	70	1
Thonkovirus	69.0	69	69	69.0	69	69	1
Bixiavirus	62.0	62	62	56.0	56	56	3
Salvavirus	61.0	61	61	56.0	56	56	1
Siaravirus	61.0	61	61	57.0	57	57	1
Flowerpowervirus	46.0	46	46	61.0	61	61	1
Immanueltrevirus	46.0	46	46	60.0	60	60	1
Manuelvirus	45.0	45	45	60.0	60	60	3
Biseptimavirus	42.5	39	44	33.0	33	34	14
Peeveelvirus	43.0	35	46	33.5	33	34	10
Bixzunavirus	156.0	151	161	65.0	64	65	18
Myrnavirus	164.5	164	165	65.0	65	65	2
Aziravirus	45.5	45	46	61.5	61	62	2
Emalynvirus	46.0	44	48	61.0	60	63	17
Ponsvirus	48.0	47	49	61.0	60	61	7
Brujitavirus	47.5	46	49	67.0	67	67	4
Elesarvirus	43.0	43	43	65.0	65	65	1
Nanditavirus	42.0	42	43	65.0	65	65	5
Hawkeyevirus	67.0	67	67	57.0	57	57	1
Plotvirus	65.0	65	65	60.0	60	60	1
Kenoshavirus	61.0	60	62	52.0	51	52	7
Secretariatvirus	58.0	58	58	53.0	53	53	1
Tanisvirus	60.0	60	60	51.0	51	51	2
Nevillevirus	76.0	76	77	59.0	59	59	3
Octobienvirus	76.0	76	77	59.0	59	59	4
Lambovirus	68.0	65	69	58.0	58	58	16
Xeniaduovirus	68.0	68	68	58.0	58	58	1
Sourvirus	62.0	61	62	69.0	68	71	5
Akonivirus	54.0	54	54	60.0	60	60	2
Tinytimothyvirus	54.0	54	54	58.5	57	60	2
Corgivirus	16.0	16	16	68.0	68	68	1
Idahovirus	16.0	16	16	64.0	64	64	1
Noelyvirus	15.0	15	15	68.0	68	68	1
Hinxtonvirus	39.5	32	42	41.0	40	41	16
Norfolkplacevirus	35.5	33	38	40.0	40	40	2
Spinunavirus	41.0	39	60	40.0	40	40	16
Samwavirus	44.0	43	46	68.0	68	68	5
Antsirabevirus	45.0	45	45	69.0	69	69	1
Avocadovirus	45.0	45	45	69.0	69	69	3
Jolieduovirus	45.0	44	45	69.0	68	69	3
Liefievirus	42.0	41	42	66.5	66	67	6
Pinnievirus	44.5	44	45	69.0	69	69	2
Dragolirvirus	41.0	41	41	44.0	44	44	1
Harrisonvirus	44.0	44	44	40.0	40	40	1
Vegasvirus	46.0	46	46	44.0	44	44	1
Wanderervirus	40.0	40	40	42.0	42	42	1
Avanivirus	55.5	54	59	61.0	61	62	6
Cheoctovirus	58.0	52	61	61.0	61	62	106
Cornievirus	56.0	56	56	61.0	61	61	1
Moomoovirus	55.0	55	55	62.0	62	62	1
Squirtyvirus	60.0	60	60	62.0	62	62	1
Thetabobvirus	58.0	57	58	62.0	62	62	3
Beetrevirus	38.0	38	38	63.0	63	63	1
Mechnikovvirus	40.0	38	40	63.0	63	64	6
Torontovirus	39.0	38	41	63.0	62	63	7
Carmenvirus	42.0	42	42	42.0	42	42	2
Layangavirus	43.0	43	43	42.0	42	42	1
Layangbvirus	42.0	42	42	42.0	42	42	1
Pebcunavirus	41.0	41	41	42.0	42	42	1
Kenyattavirus	161.0	161	161	32.0	32	32	1
Zhangjivirus	165.5	165	166	34.0	34	34	2
Byrnievirus	40.0	40	40	50.0	50	50	1
Cuauhtlivirus	42.0	42	42	49.0	49	49	1
Kwaitsingvirus	39.5	39	40	50.0	50	50	2
Nochtlivirus	38.0	38	38	50.0	50	50	1
Saikungvirus	39.5	37	42	50.0	50	50	2
Shamshuipovirus	40.0	39	41	49.5	49	50	2
Wanchaivirus	40.5	40	41	49.5	49	50	2
Wongtaivirus	39.5	39	40	51.0	51	51	2
Yautsimvirus	41.0	41	41	50.0	50	50	1
Aryavirus	42.0	42	42	54.0	54	54	1
Jilinvirus	42.0	41	42	53.0	53	53	3
Bimevirus	48.0	48	49	49.0	49	49	3
Chaoyangvirus	50.0	50	50	49.0	49	49	1
Geezettvirus	51.0	51	51	48.0	48	48	1
Jedunavirus	49.0	49	49	49.0	49	49	1
Mascletvirus	49.0	49	49	50.0	50	50	1
Parissaclayvirus	49.0	49	49	48.0	48	48	1
Peatvirus	49.0	49	49	49.0	49	49	1
Ringroadvirus	47.0	47	47	49.0	49	49	1
Sircambvirus	48.0	47	49	49.0	49	49	6
Zewailvirus	48.5	48	49	49.0	49	49	2
Natevirus	167.0	167	167	34.0	34	34	1
Sophritavirus	164.5	161	168	32.5	32	33	2
Tsamsavirus	165.0	161	169	34.0	34	34	5
Eidolonvirus	43.0	43	43	55.0	55	55	1
Kharnvirus	43.5	43	44	56.0	56	56	2
Kilunavirus	43.0	43	43	55.0	55	55	1
Kipunavirus	43.0	43	43	47.0	47	47	1
Septimatrevirus	43.0	39	46	54.0	53	55	21
Getalongvirus	55.0	53	56	63.0	63	63	4
Horusvirus	56.0	56	56	63.0	63	63	1
Phistoryvirus	53.0	53	53	63.0	63	63	1
Limdunavirus	27.0	26	28	37.0	36	37	7
Unaquatrovirus	28.0	28	30	36.0	36	36	5
Adrianbuildvirus	33.0	31	35	39.0	39	40	8
Medawarvirus	34.5	33	38	40.0	40	41	14
Phadecavirus	31.0	30	32	40.0	39	40	3
Aceathervirus	37.0	37	37	42.0	42	42	1
Adovirus	37.0	37	37	41.5	41	42	2
Ahaonvirus	37.0	37	37	42.0	42	42	2
Atrivirus	38.0	38	38	41.0	41	41	1
Charlievirus	43.0	41	45	66.0	66	67	18
Baxterfoxvirus	53.0	52	54	67.0	66	67	3
Nymphadoravirus	52.5	50	55	67.0	66	67	12
Bignuzvirus	49.0	49	49	67.0	67	67	1
Fishburnevirus	47.5	46	49	67.0	67	67	16
Phayoncevirus	49.5	49	50	67.0	67	67	2
Purkyvirus	51.0	51	51	66.0	66	66	1
Tortellinivirus	50.0	50	50	66.0	66	66	1
Xaviavirus	50.0	50	50	66.0	66	66	1
Amoyvirus	56.0	56	56	46.0	46	46	1
Iggyvirus	61.0	61	61	56.5	56	57	2
Micathvirus	61.0	61	61	56.0	56	56	1
Nipunavirus	58.0	58	59	58.0	58	59	6
Nonagvirus	60.0	57	61	43.0	43	44	5
Seuratvirus	58.5	57	60	45.0	45	45	2
Shangdongvirus	42.0	42	42	63.0	63	63	1
Torvergatavirus	64.0	64	64	59.0	59	59	1
Catfishvirus	47.0	47	47	65.0	65	65	1
Dardanusvirus	43.0	43	43	67.0	67	67	1
Gesputvirus	44.0	44	44	63.0	63	63	1
Schmidtvirus	43.0	43	43	66.0	66	66	1
Tinalinvirus	43.0	43	43	65.0	65	65	1
Vendettavirus	45.5	45	46	66.0	66	66	2
Basiliskvirus	82.5	82	83	34.0	34	34	2
Yihwangvirus	81.0	81	82	34.0	34	34	3
Diegovirus	62.0	61	63	49.0	49	49	2
Oslovirus	62.5	61	64	50.0	50	50	6
Traversvirus	62.0	56	65	50.0	49	50	13
Bembunaquatrovirus	51.0	51	51	37.0	37	37	1
Pushchinovirus	50.0	50	50	36.0	36	36	1
Shirevirus	44.0	44	45	53.0	53	53	3
Subavirus	46.0	46	46	52.0	52	52	1
Justusliebigvirus	148.0	146	150	38.0	37	38	7
Phapecoctavirus	151.0	145	152	39.0	39	39	13
Jelitavirus	43.0	43	43	35.0	35	35	1
Slepowronvirus	42.0	40	44	35.0	35	35	2
Douglaswolinvirus	81.0	81	81	37.0	37	37	1
Lenusvirus	79.0	79	79	37.0	37	37	3
Lidleunavirus	75.0	75	75	38.0	38	38	1
Maenadvirus	79.0	74	81	39.0	39	39	3
Avunavirus	121.0	121	121	40.0	40	40	1
Certrevirus	149.0	142	152	51.0	50	51	5
Henunavirus	148.0	147	149	48.5	48	49	2
Mydovirus	145.5	143	147	45.0	39	45	6
Septuagintavirus	143.5	142	145	41.0	41	41	2
Seunavirus	148.0	146	149	46.0	45	46	4
Vequintavirus	137.0	129	144	44.0	43	44	36
Amginevirus	62.0	62	62	67.0	66	67	5
Aminayvirus	60.0	60	60	68.0	68	68	1
Anayavirus	61.0	56	63	67.0	66	69	28
Fionnbharthvirus	58.0	55	59	68.0	67	68	5
Keshuvirus	61.0	61	62	67.0	67	67	5
Kratiovirus	62.0	60	64	65.0	64	66	9
Timquatrovirus	57.5	53	58	68.0	68	69	4
Unicornvirus	61.0	58	61	67.0	66	67	5
Abaiavirus	42.0	42	42	57.0	57	57	1
Abbeymikolonvirus	43.0	43	43	67.0	67	67	1
Abouovirus	46.0	46	46	39.0	39	39	2
Adaiavirus	16.0	16	16	56.0	56	56	1
Agmunavirus	36.0	36	36	61.0	61	61	1
Aguilavirus	43.5	43	44	51.0	51	51	2
Ahotrevirus	44.0	44	44	44.0	44	44	1
Akiravirus	45.0	45	45	46.0	46	46	1
Alachuavirus	56.0	56	56	52.0	52	52	1
Alcyoneusvirus	346.5	346	347	32.0	32	32	2
Alexandravirus	265.0	260	267	49.0	49	50	12
Amherstvirus	17.0	17	17	54.0	54	54	1
Amigovirus	58.5	58	59	53.0	53	53	2
Amiranvirus	34.0	34	34	36.0	36	36	1
Anamdongvirus	48.0	48	48	46.0	46	46	1
Anatolevirus	35.5	35	36	64.0	64	64	2
Andrewvirus	39.0	39	39	66.0	66	66	1
Anjalivirus	19.5	19	20	59.5	59	60	2
Anthonyvirus	52.0	52	52	61.0	61	61	1
Aokuangvirus	139.0	139	139	52.0	52	52	1
Appavirus	39.0	39	39	68.0	68	68	1
Aquingentivirus	41.0	39	43	37.0	36	37	7
Aramisvirus	43.0	43	43	35.0	35	35	2
Arawnvirus	31.0	31	31	47.0	47	47	1
Archimedesvirus	45.0	45	45	63.0	63	63	1
Armstrongvirus	40.0	40	40	67.0	67	67	1
Arvduovirus	37.0	37	37	63.0	63	63	1
Ashduovirus	43.0	43	43	45.0	45	45	1
Aspduovirus	59.0	59	59	70.0	70	70	1
Asteriusvirus	348.5	348	349	34.0	34	34	2
Astrithrvirus	12.0	12	12	40.0	40	40	1
Athenavirus	37.0	37	37	35.0	35	35	1
Atraxavirus	15.0	15	15	58.0	58	58	1
Attisvirus	46.0	44	48	67.0	67	67	9
Attoomivirus	42.0	42	42	70.0	70	70	1
Audreyjarvisvirus	128.0	115	133	33.0	32	33	7
Aurunvirus	172.0	172	172	41.0	41	41	1
Austintatiousvirus	38.0	36	38	73.0	72	73	3
Axeltriavirus	48.0	48	48	63.0	63	63	1
Backyardiganvirus	51.0	47	52	64.0	64	64	16
Badaztecvirus	19.0	19	19	49.5	49	50	2
Baikalvirus	258.0	258	258	56.0	56	56	1
Bantamvirus	93.0	93	93	65.0	65	65	1
Barbavirus	82.0	80	85	38.0	38	38	5
Barnyardvirus	70.5	70	71	57.5	57	58	2
Bauervirus	50.0	50	50	63.0	63	63	1
Bcepmuvirus	37.0	37	37	63.0	63	63	2
Beceayunavirus	43.0	43	43	36.0	36	36	1
Becedseptimavirus	94.0	94	94	38.0	38	38	1
Beenievirus	48.0	47	48	66.5	66	67	10
Behunavirus	41.0	41	41	45.0	45	45	1
Bendigovirus	83.0	83	83	58.0	58	58	1
Benedictvirus	51.0	47	52	61.0	60	61	14
Bernalvirus	43.0	42	44	66.0	66	66	2
Betterkatzvirus	51.0	51	51	67.0	67	67	1
Bglawtbvirus	69.0	69	69	60.0	60	60	1
Bigmanorsvirus	60.0	60	60	66.0	66	66	1
Bingvirus	56.0	56	56	59.0	59	59	1
Bippervirus	78.0	78	78	67.0	67	67	1
Bismarckvirus	42.0	42	42	65.0	65	65	1
Bjornvirus	46.0	46	46	53.0	53	53	1
Bluefeathervirus	16.0	16	16	64.0	64	64	1
Bocovirus	36.0	36	36	44.0	44	44	1
Bonzeevirus	42.0	42	42	46.0	46	46	4
Borockvirus	113.0	113	113	52.0	52	52	1
Bowservirus	47.0	47	47	67.0	67	67	1
Bridgettevirus	43.0	41	44	65.0	65	65	5
Brigitvirus	62.0	62	62	56.0	56	56	1
Britbratvirus	56.0	56	56	65.0	65	65	1
Brunovirus	41.0	41	41	50.0	50	50	1
Bruynoghevirus	46.0	44	46	52.0	52	52	7
Buchananvirus	47.0	47	47	46.0	46	46	1
Bugaksanvirus	61.0	61	61	59.0	59	59	1
Bunatrivirus	37.0	37	37	35.0	35	35	1
Burrovirus	54.0	54	54	65.0	64	65	3
Busanvirus	156.0	156	156	59.0	59	59	1
Caminolopintovirus	47.0	47	47	46.0	46	46	1
Camtrevirus	42.0	39	44	35.0	35	35	3
Cantarevirus	91.0	91	91	53.0	53	53	1
Capnelvirus	40.0	40	40	65.0	65	65	1
Carnodivirus	57.0	57	57	39.0	39	39	2
Carvajevirus	57.0	57	57	46.0	46	46	1
Casadabanvirus	37.0	35	46	64.0	64	65	23
Cbastvirus	79.0	79	79	30.0	30	30	1
Cecivirus	55.0	53	57	36.0	36	36	2
Cedarrivervirus	46.0	46	46	46.0	46	46	1
Ceduovirus	22.0	20	23	36.0	35	36	32
Cequinquevirus	32.5	30	34	42.0	41	42	6
Chakrabartyvirus	158.0	158	158	53.0	53	53	1
Chenonavirus	56.5	56	57	65.5	65	66	2
Chertseyvirus	25.0	25	25	38.0	38	38	1
Chewyvirus	69.0	69	69	62.0	62	62	1
Chidieberevirus	90.0	89	91	60.0	60	60	2
Chopinvirus	79.0	79	79	35.0	35	35	1
Chymeravirus	35.0	35	35	71.0	71	71	1
Cimandefvirus	58.0	55	61	65.0	65	65	5
Cimpunavirus	59.0	59	59	57.0	57	57	1
Cinunavirus	57.0	57	57	62.0	62	62	1
Clawzvirus	58.0	58	58	65.0	65	65	1
Coatlandelriovirus	45.0	45	45	62.0	62	62	1
Cobrasixvirus	48.0	48	48	53.0	53	53	1
Coetzeevirus	38.0	37	38	48.0	39	48	3
Coeurvirus	16.0	16	16	68.0	68	68	1
Colneyvirus	50.0	48	51	29.0	29	30	5
Colunavirus	39.0	34	39	45.0	45	45	3
Coralvirus	38.0	38	38	67.0	67	67	2
Corndogvirus	71.5	70	73	65.0	65	65	4
Coventryvirus	41.0	40	43	36.0	35	36	7
Craquatrovirus	57.5	57	58	37.0	37	37	2
Orchidvirus	81.0	81	81	47.0	47	47	1
Cronusvirus	36.0	36	36	65.0	65	65	1
Cukevirus	69.0	69	69	49.0	49	49	1
Daredevilvirus	90.0	90	90	65.0	65	65	1
Decurrovirus	16.0	16	16	60.0	60	60	1
Delepquintavirus	97.0	97	97	58.0	58	58	1
Delfunavirus	40.0	40	40	35.0	35	35	1
Delislevirus	12.0	12	12	27.0	27	27	1
Demosthenesvirus	74.5	74	75	59.0	59	59	2
Denisevirus	45.0	45	45	65.0	65	65	1
Deseoctovirus	46.0	45	47	47.0	47	47	2
Detrevirus	55.0	54	56	57.5	57	58	2
Deurplevirus	36.0	36	36	38.0	38	38	1
Dhillonvirus	45.0	37	47	55.0	54	55	49
Dibbivirus	50.0	50	50	52.0	52	52	3
Dinavirus	39.0	39	39	65.0	65	65	1
Dismasvirus	42.0	42	42	70.0	70	70	1
Dolmabahcevirus	94.0	94	94	73.0	73	73	1
Donellivirus	498.0	498	498	30.0	30	30	1
Doucettevirus	37.5	37	39	65.5	65	66	4
Dubuvirus	40.0	40	40	69.0	69	69	1
Dybvigvirus	17.0	17	17	50.0	50	50	1
Eagleeyevirus	53.0	53	53	61.0	61	61	1
Edenvirus	41.0	41	41	66.0	66	66	1
Edwardsroadvirus	14.0	14	14	68.0	68	68	1
Efemquintavirus	42.0	42	42	36.0	36	36	1
Efemunavirus	42.5	42	43	35.0	35	35	2
Efquatrovirus	41.0	38	42	35.0	34	35	15
Efunavirus	140.0	138	142	32.0	32	32	2
Eiauvirus	43.0	43	43	55.0	55	55	1
Eisenstarkvirus	44.0	44	44	56.0	56	56	1
Elemovirus	60.5	60	62	32.0	32	32	6
Elerivirus	40.0	40	40	62.0	62	62	1
Elmenteitavirus	59.0	59	59	49.0	49	49	1
Emdodecavirus	195.0	188	207	49.0	49	49	3
Emirosevirus	37.0	37	37	56.0	56	56	1
Emperorvirus	16.5	16	17	70.0	70	70	2
Eneladusvirus	355.5	354	357	33.0	32	34	2
Enfavirus	45.0	45	45	43.0	43	43	1
Enhodamvirus	40.0	39	40	51.0	50	51	3
Eponavirus	50.0	50	50	57.0	57	57	1
Ericdabvirus	17.0	17	17	69.0	69	69	1
Eurybiavirus	181.0	181	184	38.0	38	38	3
Eyrevirus	45.0	45	45	67.0	67	67	1
Fairfaxidumvirus	50.0	50	51	67.0	67	67	3
Fajavirus	52.0	52	52	63.0	63	63	1
Farahnazvirus	59.0	59	59	63.0	63	63	1
Fattrevirus	39.0	39	39	45.0	45	45	1
Feofaniavirus	47.0	47	47	50.5	50	51	2
Fernvirus	39.5	36	44	42.0	41	43	18
Fibralongavirus	42.0	41	43	37.0	37	37	2
Ficleduovirus	46.5	46	47	30.0	30	30	2
Finchvirus	139.0	139	139	63.0	63	63	1
Finkelvirus	48.0	48	48	67.0	67	67	1
Fipvunavirus	88.5	88	89	27.0	27	27	2
Firingavirus	40.0	40	40	60.0	60	60	2
Footloosevirus	40.0	40	40	62.0	62	62	1
Forzavirus	114.0	114	114	53.0	53	53	1
Fowlmouthvirus	70.0	70	70	49.0	49	49	1
Foxquatrovirus	60.0	60	60	62.0	62	62	1
Foxunavirus	44.0	44	45	59.0	59	59	4
Franklinbayvirus	105.0	105	105	37.0	37	37	1
Fremauxvirus	55.0	54	56	34.0	34	34	2
Fromanvirus	52.0	49	54	64.0	61	65	38
Fukuivirus	165.5	162	169	46.0	46	46	2
Fuzanglongvirus	90.0	90	90	69.0	69	69	1
Gaiavirus	90.0	90	90	57.0	57	57	1
Galaxyvirus	38.5	38	39	68.5	68	69	2
Galunavirus	50.0	50	50	64.0	64	64	1
Gamtrevirus	78.0	78	78	51.0	51	51	1
Gervaisevirus	61.0	57	61	64.0	64	65	3
Getseptimavirus	73.5	73	74	57.0	57	57	2
Ghobesvirus	45.0	45	45	65.0	65	65	1
Gilesvirus	54.5	54	55	67.0	67	67	2
Gilgameshvirus	129.0	129	129	71.0	71	71	1
Gillianvirus	62.0	62	62	67.0	67	67	1
Gimaduovirus	103.0	103	103	53.0	53	53	1
Gladiatorvirus	52.0	49	53	61.0	61	62	10
Godonkavirus	122.0	121	123	54.5	54	55	2
Gofduovirus	42.0	41	43	51.0	51	51	2
Goodmanvirus	42.0	42	42	66.0	66	66	1
Gordonvirus	58.0	58	59	50.0	50	50	13
Gordtnkvirus	76.0	76	76	51.0	51	51	1
Gorganvirus	55.0	55	55	36.0	36	36	1
Gorjumvirus	78.0	78	78	54.0	54	54	1
Grutrevirus	18.0	18	18	66.5	66	67	2
Gustavvirus	43.0	42	44	67.0	67	68	3
Hafyongvirus	43.0	43	43	48.0	48	48	1
Haihevirus	54.0	54	54	59.0	59	59	1
Halcyonevirus	56.0	50	56	49.0	48	49	5
Halfdanvirus	43.0	43	43	54.0	54	54	1
Hapunavirus	38.5	38	39	58.0	57	59	2
Harrisonburgvirus	44.0	44	44	63.0	63	63	1
Hattifnattvirus	39.0	39	39	29.0	29	29	1
Hedwigvirus	45.0	45	45	67.0	67	67	1
Heilongjiangvirus	43.0	43	43	42.0	42	42	1
Helsingorvirus	39.0	39	39	37.0	36	37	3
Hestiavirus	51.0	51	51	62.0	62	62	1
Hiroshimavirus	44.0	44	44	61.0	61	61	1
Hiyaavirus	83.0	83	83	67.0	67	67	1
Hnatkovirus	61.0	61	61	68.0	68	68	1
Hollowayvirus	64.0	63	65	63.0	63	64	7
Holosalinivirus	35.5	35	36	65.0	65	65	2
Homburgvirus	67.0	65	67	36.0	36	37	5
Howevirus	53.0	53	53	66.0	66	66	2
Hubeivirus	44.0	43	45	35.0	35	35	2
Hulijingvirus	50.0	50	50	59.0	59	59	1
Hungariovirus	42.0	42	42	55.0	55	55	1
Iaduovirus	34.0	34	34	46.0	46	46	1
Ibantikvirus	56.0	56	56	57.0	57	57	1
Identitycrisisvirus	38.0	38	38	65.0	65	65	1
Ignaciovirus	38.0	37	38	71.0	71	71	8
Ikedavirus	44.0	43	45	51.0	51	51	2
Ilzatvirus	42.0	42	43	63.0	63	64	5
Immutovirus	160.0	160	160	35.0	35	35	1
Incheonvirus	49.5	49	50	29.0	29	29	2
Indlulamithivirus	72.0	72	72	53.0	53	53	1
Inhavirus	36.0	36	36	36.0	36	36	2
Iodovirus	47.0	47	47	46.0	46	46	1
Ionavirus	157.0	157	157	56.0	56	56	1
Isoldevirus	53.0	53	53	63.0	63	63	1
Ittyvirus	62.0	62	62	66.0	66	66	1
Jacevirus	54.0	54	54	67.0	67	67	1
Jarrellvirus	41.0	41	41	42.0	42	42	1
Jasminevirus	46.0	45	47	46.0	46	46	2
Jenstvirus	126.0	126	126	43.0	43	43	1
Jimmervirus	53.5	53	54	38.0	38	38	2
Juiceboxvirus	41.0	41	41	68.0	68	68	1
Jujuvirus	53.5	52	54	67.0	67	67	6
Junavirus	41.0	39	44	45.0	45	45	3
Kafunavirus	42.0	42	42	48.0	48	48	1
Kairosalinivirus	51.5	51	52	59.5	59	60	2
Kamchatkavirus	52.0	52	52	38.0	38	38	1
Apricotvirus	52.0	52	52	63.0	63	63	1
Kelleziovirus	59.0	59	59	63.0	63	63	2
Kelquatrovirus	42.0	42	42	63.0	63	63	1
Kimonavirus	50.0	50	50	64.0	64	64	1
Klausavirus	70.5	69	71	62.0	61	62	6
Kleczkowskavirus	53.0	53	53	56.0	56	56	1
Klementvirus	44.0	44	44	53.0	53	53	1
Knuthellervirus	48.0	48	48	55.0	55	55	1
Kochitakasuvirus	64.0	64	64	60.0	60	60	2
Kojivirus	39.5	39	40	64.0	64	64	2
Konstantinevirus	69.0	69	69	57.0	57	57	1
Korravirus	44.0	43	44	61.0	61	62	22
Kostyavirus	76.0	74	76	63.0	63	63	9
Krampusvirus	57.0	57	57	64.0	64	64	1
Krompvirus	58.0	58	58	71.0	71	71	1
Kronosvirus	42.0	42	43	66.0	66	66	3
Krylovvirus	46.0	46	46	53.0	53	53	1
Kryptosalinivirus	53.5	53	54	53.0	53	53	2
Kuleanavirus	39.0	39	39	66.0	66	66	1
Kumottavirus	39.5	39	40	61.0	61	61	2
Kungbxnavirus	235.0	235	235	29.0	29	29	1
Kunmingvirus	42.5	42	43	56.0	56	56	2
Lacfervirus	41.0	41	41	46.0	46	46	1
Lacnuvirus	36.0	36	36	44.0	44	44	1
Lacusarxvirus	130.0	130	130	60.0	60	60	1
Lafunavirus	43.0	43	43	45.0	45	45	1
Lagaffevirus	48.0	48	48	56.0	56	56	1
Lanavirus	88.0	88	88	61.0	61	61	1
Larmunavirus	40.0	40	40	45.0	45	45	1
Laroyevirus	60.0	60	60	65.0	65	65	4
Lastavirus	62.0	62	62	56.5	56	57	2
Latrobevirus	131.0	131	131	25.0	25	25	1
Lederbergvirus	41.0	38	42	47.0	47	48	6
Leicestervirus	42.0	41	42	31.0	31	31	3
Lentavirus	31.0	31	31	51.0	51	51	1
Lessievirus	63.0	62	64	66.0	65	66	4
Lietduovirus	75.0	75	75	54.0	54	54	1
Lightbulbvirus	145.5	145	146	33.0	33	33	2
Lillamyvirus	38.0	38	39	29.0	29	30	6
Lilspottyvirus	50.0	50	50	65.0	65	65	1
Lilyvirus	45.0	45	45	43.0	43	43	1
Lishizhenvirus	49.0	49	49	59.0	59	59	1
Llyrvirus	208.0	208	208	36.0	36	36	1
Lokivirus	42.0	41	43	44.5	44	45	2
Loughboroughvirus	54.0	54	54	46.0	46	46	1
Lubbockvirus	53.5	53	54	28.5	28	29	2
Luchadorvirus	53.0	52	54	62.0	62	62	3
Luckybarnesvirus	51.0	51	51	62.0	62	62	1
Luckytenvirus	43.0	43	43	65.0	65	65	1
Lughvirus	34.0	34	34	60.0	60	60	1
Lwoffvirus	37.0	37	37	38.0	38	38	2
Macdonaldcampvirus	45.0	45	45	46.0	46	46	2
Magadivirus	59.0	59	59	45.0	45	45	1
Magiavirus	45.0	45	45	65.0	65	65	1
Majavirus	37.0	37	37	65.0	65	65	1
Malagasyrosevirus	54.0	54	54	65.0	65	65	1
Malkevirus	33.5	32	37	40.0	40	41	4
Manovirus	42.0	42	42	64.0	64	64	1
Mardecavirus	77.5	76	79	49.5	49	50	2
Mareflavirus	38.0	38	38	50.0	50	50	1
Marfavirus	170.0	169	171	41.0	41	41	2
Marienburgvirus	57.5	57	58	51.0	51	51	2
Marvinvirus	65.0	65	65	63.0	63	63	2
Maxrubnervirus	87.0	87	87	60.0	60	60	1
Mboduovirus	83.0	83	83	64.0	64	64	1
Mboquatrovirus	46.0	46	46	65.0	65	65	1
Mcgonagallvirus	17.0	17	17	69.0	69	69	1
Medeavirus	59.0	59	59	58.0	58	58	1
Melbournevirus	49.0	49	49	65.0	65	65	1
Menderavirus	160.0	159	161	54.0	54	54	4
Metrivirus	235.0	235	235	31.0	31	31	1
Micavirus	44.0	44	44	62.0	62	62	1
Microwolfvirus	50.0	48	51	64.0	64	64	7
Midgardsormrvirus	50.0	50	50	51.0	51	51	1
Miecznikowavirus	55.0	55	55	58.0	58	58	1
Mieseafarmvirus	231.0	231	231	58.0	58	58	1
Mimasvirus	368.5	359	378	36.0	36	36	2
Minunavirus	46.0	46	46	68.0	68	68	1
Mohonavirus	126.0	126	126	37.0	37	37	1
Mollymurvirus	91.0	91	91	66.0	66	66	1
Montyvirus	76.5	76	78	59.0	59	59	10
Moturavirus	221.0	221	221	54.0	54	54	1
Mudcatvirus	58.0	57	59	45.0	45	45	12
Mufasoctovirus	60.0	60	60	66.0	66	66	1
Muldoonvirus	167.5	167	168	42.0	42	42	2
Muminvirus	39.0	37	39	29.0	29	30	5
Murrayvirus	41.5	41	42	59.0	59	59	2
Mushuvirus	37.0	37	37	60.0	60	60	1
Muvirus	37.0	37	37	52.0	52	52	2
Mycoabscvirus	53.0	53	53	64.0	64	64	1
Myoalterovirus	93.0	93	93	38.0	38	38	1
Myradeevirus	51.0	51	51	63.0	63	63	1
Myxoctovirus	50.0	50	50	68.0	68	68	1
Namazuvirus	60.0	60	60	56.0	56	56	1
Nanhaivirus	78.0	78	78	62.0	62	62	1
Neferthenavirus	42.0	42	42	64.0	64	64	1
Nevevirus	54.0	54	56	33.5	33	34	4
Nickievirus	112.0	112	112	57.0	57	57	1
Nonanavirus	53.0	53	53	43.0	43	43	1
Northamptonvirus	61.0	61	61	67.5	67	68	2
Nyceiraevirus	42.0	42	42	68.0	68	68	1
Nylescharonvirus	48.0	48	48	37.0	37	37	2
Oengusvirus	58.0	58	58	50.0	50	50	1
Omegavirus	110.0	106	112	61.0	61	61	6
Oneupvirus	93.0	92	94	61.0	61	61	2
Onyinyevirus	71.0	71	71	59.0	59	59	1
Vhmlvirus	43.0	41	43	51.0	51	51	3
Oscarsovirus	33.0	33	33	69.0	69	69	1
Oshimavirus	83.5	83	84	58.0	58	58	2
Paclarkvirus	38.0	37	40	38.0	38	39	12
Pagevirus	40.0	40	40	41.0	40	41	5
Pahexavirus	29.0	29	30	54.0	54	55	57
Pankowvirus	57.0	55	62	51.0	51	51	5
Papyrusvirus	71.5	71	72	56.0	56	56	2
Parlovirus	63.0	63	63	58.0	58	58	1
Patiencevirus	71.0	71	71	50.0	50	50	1
Pavtokvirus	61.0	61	61	62.5	62	63	2
Pemunavirus	51.0	51	51	41.0	41	41	1
Pepyhexavirus	77.5	77	78	53.0	53	53	2
Perisivirus	39.5	38	41	48.0	48	48	2
Persistencevirus	50.0	50	50	62.0	62	62	1
Phabquatrovirus	94.0	94	94	65.0	65	65	1
Pharaohvirus	51.5	50	53	63.5	63	64	2
Phifelvirus	39.0	36	40	35.0	34	35	3
Phleivirus	50.0	50	50	60.0	60	60	1
Phrappuccinovirus	136.0	136	136	67.0	67	67	1
Picardvirus	40.0	40	40	73.0	73	73	1
Pikminvirus	39.0	39	39	61.0	61	61	1
Piorkowskivirus	33.0	30	35	37.0	37	37	7
Plaisancevirus	103.0	103	103	45.0	45	45	1
Plateaulakevirus	123.5	116	139	35.5	35	36	4
Pleeduovirus	35.0	35	35	45.0	45	45	1
Pleetrevirus	40.0	39	41	45.0	45	45	2
Polybotosvirus	490.0	490	490	37.0	37	37	1
Popoffvirus	44.0	44	44	55.0	55	55	1
Porunavirus	55.0	55	55	56.0	56	56	1
Poushouvirus	40.0	40	40	60.0	60	60	1
Powerballvirus	48.0	48	48	66.0	66	66	1
Predatorvirus	70.0	70	70	56.0	56	56	1
Psavirus	38.0	38	38	35.0	35	35	2
Pukovnikvirus	53.0	52	54	63.0	63	63	4
Pulverervirus	38.0	38	38	65.0	65	65	1
Pumpernickelvirus	186.0	186	186	56.0	56	56	1
Punavirus	103.0	95	115	49.0	47	49	3
Puppervirus	151.0	151	151	66.0	66	66	1
Purivirus	42.0	42	42	58.0	58	58	1
Qingdaovirus	120.0	120	120	36.0	36	36	1
Questintvirus	27.0	27	27	37.0	37	37	1
Quivirus	114.0	114	114	48.0	48	48	1
Rahariannevirus	46.0	46	46	61.0	61	61	1
Raleighvirus	41.0	41	41	72.0	72	72	2
Rauchvirus	42.0	42	42	65.0	65	65	1
Ravarandavirus	145.0	139	147	40.0	40	40	3
Ravinvirus	46.0	46	46	51.0	51	51	1
Readingvirus	51.0	51	51	59.0	58	59	3
Refugevirus	53.5	53	54	63.5	63	64	2
Reqipinevirus	59.0	59	59	67.0	67	67	1
Rerduovirus	47.0	46	48	59.0	59	63	5
Reynauldvirus	81.0	81	81	67.0	67	67	1
Richievirus	51.5	49	54	63.0	63	63	2
Rigallicvirus	56.0	56	56	48.0	48	48	1
Rimavirus	56.0	56	56	59.5	59	60	2
Rivsvirus	267.0	267	267	49.0	49	49	1
Rockefellervirus	43.0	42	44	35.0	35	35	6
Rockvillevirus	41.0	41	41	36.0	36	36	1
Rogerhendrixvirus	98.0	98	98	66.0	66	66	1
Ronaldovirus	67.5	67	68	50.0	50	50	2
Rosariovirus	53.0	53	53	70.0	70	70	1
Rosemountvirus	52.0	52	55	46.0	46	46	5
Roslyckyvirus	59.0	59	59	60.0	60	60	1
Roufvirus	48.0	48	48	47.0	47	47	1
Rovertvirus	39.0	39	39	42.0	42	42	1
Rowavirus	43.0	43	43	61.0	61	61	1
Ruthyvirus	51.5	51	52	67.0	67	67	2
Ryyoungvirus	42.0	42	42	65.0	65	65	1
Sagamiharavirus	52.0	52	52	64.0	64	64	1
Saintgironsvirus	74.0	74	74	39.0	39	39	1
Salmondvirus	254.0	253	255	44.0	44	44	2
Saltrevirus	45.0	45	45	46.0	46	46	1
Samaravirus	45.0	45	45	42.0	42	42	1
Samunavirus	93.0	93	93	55.0	55	55	1
Sandinevirus	40.0	40	40	35.0	35	35	1
Sansavirus	80.0	80	80	66.0	66	66	1
Santafevirus	53.0	53	53	63.0	63	63	1
Santhisvirus	41.0	39	42	67.5	67	68	4
Saphexavirus	57.0	54	59	40.0	40	40	6
Sargevirus	36.0	36	36	63.0	63	63	1
Sarumanvirus	263.5	263	264	58.0	58	58	2
Sasdunavirus	37.0	37	37	66.0	66	66	1
Sashavirus	53.0	53	53	44.0	44	44	1
Sasquatchvirus	261.0	261	261	47.0	47	47	1
Sasvirus	43.0	43	43	56.0	56	56	1
Saundersvirus	48.0	48	48	46.0	46	46	1
Sawaravirus	58.0	58	58	51.0	51	51	1
Scappvirus	43.0	43	43	56.0	56	56	1
Scapunavirus	43.0	43	43	61.0	61	61	1
Schmidvirus	26.0	26	27	36.0	36	36	3
Schmittlotzvirus	69.0	69	69	52.0	52	52	1
Schnabeltiervirus	47.0	47	47	67.0	67	67	1
Schubertvirus	39.0	39	39	61.0	61	61	1
Seahorsevirus	45.0	45	45	43.0	43	43	1
Seamegvirus	56.0	56	56	63.0	63	63	1
Segzyvirus	47.5	47	48	46.0	46	46	2
Sendosyvirus	38.5	37	40	43.5	43	44	2
Seongbukvirus	39.0	39	39	39.0	39	39	1
Sepahanvirus	145.5	145	146	32.0	32	32	2
Serbinvirus	43.0	43	43	52.0	52	52	3
Seussvirus	85.0	85	85	61.0	61	61	1
Sextaecvirus	93.0	92	94	29.5	29	30	2
Sfunavirus	43.0	43	43	69.0	69	69	1
Shandongvirus	132.0	132	132	37.0	37	37	1
Sheenvirus	53.0	53	53	63.0	63	63	1
Sherbrookevirus	33.0	32	34	30.0	29	30	6
Shirahamavirus	225.0	225	225	30.0	30	30	1
Shockervirus	45.0	45	45	63.0	63	63	1
Shoyavirus	38.0	38	38	64.0	64	64	1
Shuimuvirus	48.0	48	48	46.0	46	46	1
Sidiousvirus	52.0	52	52	67.0	67	67	1
Siftrevirus	61.0	61	61	69.0	69	69	1
Silentrexvirus	65.0	65	65	67.0	67	67	1
Sixamavirus	115.0	115	115	53.0	53	53	1
Skarprettervirus	42.0	42	42	56.0	56	56	1
Skatevirus	47.0	45	49	46.0	46	46	7
Skogvirus	152.0	152	152	66.0	66	66	1
Skulduggeryvirus	63.0	63	63	61.0	61	61	1
Skunavirus	31.0	25	33	35.0	34	35	94
Slashvirus	80.5	80	82	35.0	35	35	4
Sleepyheadvirus	44.0	44	44	61.0	61	61	1
Smoothievirus	93.0	93	94	62.0	62	62	3
Snuvirus	266.0	266	266	49.0	49	49	1
Sonalivirus	61.0	61	61	68.0	68	68	1
Sortsnevirus	42.5	42	43	59.5	59	60	2
Soupsvirus	53.0	53	53	62.0	62	62	3
Sozzivirus	46.0	43	46	39.0	39	39	3
Sparkyvirus	63.0	63	63	65.0	65	65	1
Spartoivirus	35.0	35	35	52.0	52	52	1
Spbetavirus	134.0	134	134	35.0	35	35	1
Spizizenvirus	39.0	39	39	43.0	43	43	1
Squashvirus	62.0	62	62	67.0	67	67	2
Stanholtvirus	53.0	49	55	61.0	60	61	3
Stonewallvirus	34.0	34	34	38.0	38	38	1
Stormageddonvirus	136.0	136	136	65.0	65	65	1
Successvirus	57.0	57	57	62.0	62	62	1
Sukhumvitvirus	38.0	38	38	45.0	45	45	1
Svunavirus	35.0	35	35	44.5	44	45	2
Swiduovirus	48.0	48	48	46.0	46	46	1
Syrbvirus	43.0	43	43	64.0	64	64	1
Takahashivirus	252.0	252	252	28.0	28	28	1
Tandoganvirus	41.0	41	41	37.0	37	37	1
Tankvirus	68.0	68	68	63.0	63	63	1
Tantvirus	41.0	41	41	34.0	34	34	1
Taranisvirus	54.0	54	54	56.0	56	56	1
Terapinvirus	67.0	67	67	59.5	59	60	2
Teubervirus	60.0	58	62	34.0	34	34	5
Theosmithvirus	53.0	53	53	36.0	36	36	1
Thiercelinvirus	44.0	44	44	36.0	36	36	1
Thornevirus	222.0	222	222	39.0	39	39	1
Tieomvirus	40.0	40	40	43.0	43	43	1
Tijeunavirus	49.0	49	49	58.0	58	58	1
Timshelvirus	53.0	50	53	63.0	63	63	4
Tinduovirus	76.5	76	77	59.0	59	59	2
Titanvirus	44.0	44	44	55.0	55	55	2
Toutatisvirus	55.0	55	55	54.0	54	54	1
Triavirus	46.0	43	48	33.0	33	34	23
Trigintaduovirus	51.0	51	51	66.0	66	66	2
Trinavirus	139.0	139	139	45.0	45	45	1
Trinevirus	44.0	44	44	68.0	68	68	1
Triplejayvirus	46.0	46	46	65.0	65	65	1
Trogglehumpervirus	84.0	84	84	64.0	64	64	1
Turbidovirus	53.0	50	54	63.0	63	64	13
Typhavirus	76.0	76	76	66.0	66	66	1
Uetakevirus	39.0	39	40	49.5	49	51	4
Uwajimavirus	30.0	30	30	37.0	37	37	1
Valentinivirus	63.0	63	63	67.0	67	67	1
Vedamuthuvirus	31.0	31	31	36.0	36	36	5
Veewebvirus	49.0	49	49	71.0	71	71	1
Veracruzvirus	50.0	46	51	64.0	64	64	8
Vespunovirus	39.0	39	39	35.0	35	35	1
Vhulanivirus	38.0	38	38	65.0	65	65	1
Vicosavirus	45.5	45	46	51.5	51	52	2
Vidquintavirus	61.0	61	61	49.0	49	49	1
Waukeshavirus	48.5	46	51	35.0	35	35	2
Wbetavirus	40.0	38	41	35.0	35	36	12
Weaselvirus	135.0	135	135	41.0	41	41	1
Whackvirus	50.0	50	50	62.0	62	62	1
Whiteheadvirus	37.0	37	37	51.0	51	51	1
Whytuvirus	15.0	15	15	64.5	64	65	2
Wodongavirus	39.0	39	39	66.0	66	66	1
Woesvirus	74.0	74	74	59.0	59	59	1
Wollypogvirus	63.0	63	63	59.0	59	59	1
Wolominvirus	41.0	41	41	55.0	55	55	1
Woodruffvirus	57.0	57	57	69.0	69	69	2
Xajduovirus	49.0	49	49	47.0	47	47	1
Xiamenvirus	63.5	63	64	57.5	57	58	2
Xipdecavirus	44.0	44	45	52.0	51	52	3
Xuquatrovirus	62.0	62	62	53.0	53	53	1
Yanchengvirus	41.0	41	41	55.0	55	55	1
Yeceytrevirus	53.0	53	53	63.0	63	63	1
Yokohamavirus	43.0	43	43	53.0	53	53	2
Yoloswagvirus	260.0	260	260	47.0	47	47	1
Yongloolinvirus	53.0	44	57	29.0	28	29	4
Yvonnevirus	98.0	98	98	60.0	60	60	1
Zhangqianvirus	43.0	43	43	34.0	34	34	1
Zhuquevirus	42.0	42	42	56.0	56	56	1
Zukovirus	82.5	82	83	64.0	64	64	2
Hukuchivirus	18.5	17	20	67.0	66	68	2
Elsinorevirus	11.0	11	11	47.0	47	47	1
Rumoivirus	10.0	10	10	44.0	44	44	1
Ameliavirus	11.0	11	11	43.0	43	43	1
Livvievirus	11.0	11	11	47.0	47	47	1
Oliviavirus	11.0	11	11	44.0	44	44	1
Paulavirus	10.0	10	10	41.5	41	42	2
Merivirus	10.5	10	11	42.0	42	42	2
Anticleavirus	9.0	9	9	62.0	62	62	1
Polymedevirus	9.0	9	9	57.0	57	57	1
Corycianvirus	10.0	10	10	46.0	46	46	1
Alphatectivirus	15.0	15	15	48.0	48	48	2
Betatectivirus	14.5	14	15	39.5	37	40	6
Deltatectivirus	18.0	18	18	54.5	54	55	2
Epsilontectivirus	17.0	17	17	54.0	54	54	1
Gammatectivirus	17.0	17	17	50.0	50	50	1
